fips,stateabbr,county,adults,rate_ageadj,rate_crude,patients,source
01001,AL,Autauga,46253,25.9,25.1,11609.503,PLACES 2025 release (2023 survey)
01003,AL,Baldwin,200397,23.9,22.5,45089.325000000004,PLACES 2025 release (2023 survey)
01005,AL,Barbour,19517,22.9,22.1,4313.257,PLACES 2025 release (2023 survey)
01007,AL,Bibb,17522,25.0,24.4,4275.3679999999995,PLACES 2025 release (2023 survey)
01009,AL,Blount,46099,26.0,24.8,11432.552,PLACES 2025 release (2023 survey)
01011,AL,Bullock,7878,21.7,21.1,1662.2580000000003,PLACES 2025 release (2023 survey)
01013,AL,Butler,14276,23.8,22.5,3212.1,PLACES 2025 release (2023 survey)
01015,AL,Calhoun,91555,25.3,24.6,22522.530000000002,PLACES 2025 release (2023 survey)
01017,AL,Chambers,26970,23.9,22.7,6122.19,PLACES 2025 release (2023 survey)
01019,AL,Cherokee,20877,27.1,25.0,5219.25,PLACES 2025 release (2023 survey)
01021,AL,Chilton,35269,25.3,24.5,8640.905,PLACES 2025 release (2023 survey)
01023,AL,Choctaw,9839,25.3,23.3,2292.487,PLACES 2025 release (2023 survey)
01025,AL,Clarke,17444,23.9,22.6,3942.344,PLACES 2025 release (2023 survey)
01027,AL,Clay,11157,26.0,24.4,2722.308,PLACES 2025 release (2023 survey)
01029,AL,Cleburne,12016,26.9,25.5,3064.08,PLACES 2025 release (2023 survey)
01031,AL,Coffee,42235,25.0,24.3,10263.105,PLACES 2025 release (2023 survey)
01033,AL,Colbert,45890,25.8,24.5,11243.05,PLACES 2025 release (2023 survey)
01035,AL,Conecuh,8894,24.1,22.3,1983.362,PLACES 2025 release (2023 survey)
01037,AL,Coosa,8603,24.3,22.2,1909.866,PLACES 2025 release (2023 survey)
01039,AL,Covington,29514,26.0,24.3,7171.902,PLACES 2025 release (2023 survey)
01041,AL,Crenshaw,10066,25.0,23.8,2395.708,PLACES 2025 release (2023 survey)
01043,AL,Cullman,71431,26.5,25.4,18143.474000000002,PLACES 2025 release (2023 survey)
01045,AL,Dale,38227,25.5,24.8,9480.296,PLACES 2025 release (2023 survey)
01047,AL,Dallas,27736,21.4,20.3,5630.408,PLACES 2025 release (2023 survey)
01049,AL,DeKalb,55297,27.2,26.3,14543.111,PLACES 2025 release (2023 survey)
01051,AL,Elmore,71010,23.6,23.0,16332.300000000001,PLACES 2025 release (2023 survey)
01053,AL,Escambia,28282,24.9,24.0,6787.679999999999,PLACES 2025 release (2023 survey)
01055,AL,Etowah,80652,26.1,24.9,20082.347999999998,PLACES 2025 release (2023 survey)
01057,AL,Fayette,12532,27.3,25.7,3220.724,PLACES 2025 release (2023 survey)
01059,AL,Franklin,23799,25.9,25.1,5973.549,PLACES 2025 release (2023 survey)
01061,AL,Geneva,21061,27.1,25.7,5412.677,PLACES 2025 release (2023 survey)
01063,AL,Greene,5755,22.0,20.4,1174.02,PLACES 2025 release (2023 survey)
01065,AL,Hale,11246,22.3,21.2,2384.152,PLACES 2025 release (2023 survey)
01067,AL,Henry,14236,24.8,23.0,3274.28,PLACES 2025 release (2023 survey)
01069,AL,Houston,83709,25.8,24.9,20843.541,PLACES 2025 release (2023 survey)
01071,AL,Jackson,42355,28.2,26.7,11308.785,PLACES 2025 release (2023 survey)
01073,AL,Jefferson,511715,23.2,22.7,116159.305,PLACES 2025 release (2023 survey)
01075,AL,Lamar,10648,26.5,24.7,2630.056,PLACES 2025 release (2023 survey)
01077,AL,Lauderdale,78262,25.2,24.2,18939.404,PLACES 2025 release (2023 survey)
01079,AL,Lawrence,26186,26.1,24.9,6520.314,PLACES 2025 release (2023 survey)
01081,AL,Lee,145050,23.4,23.6,34231.8,PLACES 2025 release (2023 survey)
01083,AL,Limestone,89453,24.2,23.7,21200.361,PLACES 2025 release (2023 survey)
01085,AL,Lowndes,7570,22.0,20.9,1582.1299999999999,PLACES 2025 release (2023 survey)
01087,AL,Macon,15322,21.6,20.7,3171.654,PLACES 2025 release (2023 survey)
01089,AL,Madison,324132,22.0,21.6,70012.512,PLACES 2025 release (2023 survey)
01091,AL,Marengo,14502,23.5,22.3,3233.946,PLACES 2025 release (2023 survey)
01093,AL,Marion,23108,27.3,25.7,5938.756,PLACES 2025 release (2023 survey)
01095,AL,Marshall,74538,26.2,25.4,18932.652000000002,PLACES 2025 release (2023 survey)
01097,AL,Mobile,316274,22.7,22.1,69896.554,PLACES 2025 release (2023 survey)
01099,AL,Monroe,15175,24.2,22.7,3444.725,PLACES 2025 release (2023 survey)
01101,AL,Montgomery,170733,21.4,21.0,35853.93,PLACES 2025 release (2023 survey)
01103,AL,Morgan,96099,24.9,24.0,23063.76,PLACES 2025 release (2023 survey)
01105,AL,Perry,6081,23.4,22.1,1343.901,PLACES 2025 release (2023 survey)
01107,AL,Pickens,15154,23.1,22.3,3379.342,PLACES 2025 release (2023 survey)
01109,AL,Pike,26665,24.6,24.7,6586.255,PLACES 2025 release (2023 survey)
01111,AL,Randolph,17988,25.8,24.4,4389.072,PLACES 2025 release (2023 survey)
01113,AL,Russell,44343,24.3,23.9,10597.976999999999,PLACES 2025 release (2023 survey)
01115,AL,St. Clair,74442,25.9,25.0,18610.5,PLACES 2025 release (2023 survey)
01117,AL,Shelby,180682,22.3,21.6,39027.312000000005,PLACES 2025 release (2023 survey)
01119,AL,Sumter,9434,21.9,21.5,2028.31,PLACES 2025 release (2023 survey)
01121,AL,Talladega,64467,23.7,22.7,14634.008999999998,PLACES 2025 release (2023 survey)
01123,AL,Tallapoosa,32607,25.2,23.5,7662.6449999999995,PLACES 2025 release (2023 survey)
01125,AL,Tuscaloosa,189087,24.7,25.0,47271.75,PLACES 2025 release (2023 survey)
01127,AL,Walker,49914,27.8,26.6,13277.124000000002,PLACES 2025 release (2023 survey)
01129,AL,Washington,11806,25.5,24.1,2845.246,PLACES 2025 release (2023 survey)
01131,AL,Wilcox,7755,22.7,21.4,1659.57,PLACES 2025 release (2023 survey)
01133,AL,Winston,18837,28.0,26.2,4935.294,PLACES 2025 release (2023 survey)
02013,AK,Aleutians East,3270,12.3,12.3,402.21000000000004,PLACES 2025 release (2023 survey)
02016,AK,Aleutians West,4734,13.1,13.3,629.6220000000001,PLACES 2025 release (2023 survey)
02020,AK,Anchorage,219385,21.2,21.3,46729.005,PLACES 2025 release (2023 survey)
02050,AK,Bethel,11798,20.3,21.0,2477.58,PLACES 2025 release (2023 survey)
02060,AK,Bristol Bay,663,19.8,18.8,124.644,PLACES 2025 release (2023 survey)
02063,AK,Chugach,5268,19.0,18.4,969.312,PLACES 2025 release (2023 survey)
02066,AK,Copper River,1994,21.1,19.8,394.812,PLACES 2025 release (2023 survey)
02068,AK,Denali,1291,19.7,19.5,251.745,PLACES 2025 release (2023 survey)
02070,AK,Dillingham,3180,20.0,20.1,639.1800000000001,PLACES 2025 release (2023 survey)
02090,AK,Fairbanks North Star,72305,20.1,20.5,14822.525,PLACES 2025 release (2023 survey)
02100,AK,Haines,1718,20.5,18.8,322.984,PLACES 2025 release (2023 survey)
02105,AK,Hoonah-Angoon,1889,20.5,18.5,349.465,PLACES 2025 release (2023 survey)
02110,AK,Juneau,25267,21.5,21.0,5306.07,PLACES 2025 release (2023 survey)
02122,AK,Kenai Peninsula,47721,20.7,19.7,9401.036999999998,PLACES 2025 release (2023 survey)
02130,AK,Ketchikan Gateway,11023,19.5,18.9,2083.3469999999998,PLACES 2025 release (2023 survey)
02150,AK,Kodiak Island,9632,17.2,17.2,1656.704,PLACES 2025 release (2023 survey)
02158,AK,Kusilvak,4640,22.7,23.5,1090.3999999999999,PLACES 2025 release (2023 survey)
02164,AK,Lake and Peninsula,964,20.5,20.0,192.8,PLACES 2025 release (2023 survey)
02170,AK,Matanuska-Susitna,86125,22.1,21.9,18861.374999999996,PLACES 2025 release (2023 survey)
02180,AK,Nome,6487,20.1,20.7,1342.809,PLACES 2025 release (2023 survey)
02185,AK,North Slope,7948,17.7,18.0,1430.6399999999999,PLACES 2025 release (2023 survey)
02188,AK,Northwest Arctic,4551,20.3,20.7,942.0569999999999,PLACES 2025 release (2023 survey)
02195,AK,Petersburg,2729,19.2,18.2,496.678,PLACES 2025 release (2023 survey)
02198,AK,Prince of Wales-Hyder,4429,21.4,20.3,899.0870000000001,PLACES 2025 release (2023 survey)
02220,AK,Sitka,6728,19.8,19.1,1285.048,PLACES 2025 release (2023 survey)
02230,AK,Skagway,925,20.2,19.4,179.45,PLACES 2025 release (2023 survey)
02240,AK,Southeast Fairbanks,5262,19.7,19.3,1015.566,PLACES 2025 release (2023 survey)
02275,AK,Wrangell,1686,20.2,18.3,308.538,PLACES 2025 release (2023 survey)
02282,AK,Yakutat,555,19.3,18.0,99.89999999999999,PLACES 2025 release (2023 survey)
02290,AK,Yukon-Koyukuk,3732,20.6,19.8,738.936,PLACES 2025 release (2023 survey)
04001,AZ,Apache,48365,21.0,20.4,9866.46,PLACES 2025 release (2023 survey)
04003,AZ,Cochise,99219,21.2,19.9,19744.581,PLACES 2025 release (2023 survey)
04005,AZ,Coconino,116865,22.2,22.5,26294.625,PLACES 2025 release (2023 survey)
04007,AZ,Gila,43968,22.9,20.7,9101.376,PLACES 2025 release (2023 survey)
04009,AZ,Graham,29109,20.4,20.3,5909.127,PLACES 2025 release (2023 survey)
04011,AZ,Greenlee,6858,19.3,19.2,1316.736,PLACES 2025 release (2023 survey)
04012,AZ,La Paz,14156,21.2,17.9,2533.924,PLACES 2025 release (2023 survey)
04013,AZ,Maricopa,3572375,18.9,18.6,664461.7500000001,PLACES 2025 release (2023 survey)
04015,AZ,Mohave,187847,21.5,19.2,36066.624,PLACES 2025 release (2023 survey)
04017,AZ,Navajo,82055,23.3,22.2,18216.21,PLACES 2025 release (2023 survey)
04019,AZ,Pima,858060,23.6,22.8,195637.68,PLACES 2025 release (2023 survey)
04021,AZ,Pinal,380282,20.6,19.8,75295.83600000001,PLACES 2025 release (2023 survey)
04023,AZ,Santa Cruz,36812,16.6,16.0,5889.92,PLACES 2025 release (2023 survey)
04025,AZ,Yavapai,211150,21.6,19.3,40751.950000000004,PLACES 2025 release (2023 survey)
04027,AZ,Yuma,161189,18.6,17.9,28852.831,PLACES 2025 release (2023 survey)
05001,AR,Arkansas,12549,24.7,23.4,2936.466,PLACES 2025 release (2023 survey)
05003,AR,Ashley,14105,27.4,25.6,3610.88,PLACES 2025 release (2023 survey)
05005,AR,Baxter,35338,28.7,25.7,9081.866,PLACES 2025 release (2023 survey)
05007,AR,Benton,232841,23.8,23.7,55183.316999999995,PLACES 2025 release (2023 survey)
05009,AR,Boone,29802,26.9,25.4,7569.7080000000005,PLACES 2025 release (2023 survey)
05011,AR,Bradley,7612,24.3,23.2,1765.984,PLACES 2025 release (2023 survey)
05013,AR,Calhoun,3792,24.6,23.0,872.1600000000001,PLACES 2025 release (2023 survey)
05015,AR,Carroll,22640,25.7,24.2,5478.88,PLACES 2025 release (2023 survey)
05017,AR,Chicot,7511,22.7,21.5,1614.865,PLACES 2025 release (2023 survey)
05019,AR,Clark,16965,26.0,26.0,4410.900000000001,PLACES 2025 release (2023 survey)
05021,AR,Clay,11154,28.5,26.8,2989.2720000000004,PLACES 2025 release (2023 survey)
05023,AR,Cleburne,20693,27.3,24.8,5131.864,PLACES 2025 release (2023 survey)
05025,AR,Cleveland,5798,26.3,24.6,1426.3080000000002,PLACES 2025 release (2023 survey)
05027,AR,Columbia,17425,24.2,23.7,4129.724999999999,PLACES 2025 release (2023 survey)
05029,AR,Conway,16337,26.3,24.9,4067.913,PLACES 2025 release (2023 survey)
05031,AR,Craighead,85259,26.5,26.5,22593.635000000002,PLACES 2025 release (2023 survey)
05033,AR,Crawford,47058,27.1,26.1,12282.138,PLACES 2025 release (2023 survey)
05035,AR,Crittenden,34414,24.4,23.9,8224.946,PLACES 2025 release (2023 survey)
05037,AR,Cross,12527,26.4,25.3,3169.331,PLACES 2025 release (2023 survey)
05039,AR,Dallas,4934,23.6,21.7,1070.6779999999999,PLACES 2025 release (2023 survey)
05041,AR,Desha,7909,24.5,23.2,1834.888,PLACES 2025 release (2023 survey)
05043,AR,Drew,13230,25.0,24.1,3188.4300000000003,PLACES 2025 release (2023 survey)
05045,AR,Faulkner,100739,26.3,26.4,26595.096,PLACES 2025 release (2023 survey)
05047,AR,Franklin,13545,28.5,27.0,3657.15,PLACES 2025 release (2023 survey)
05049,AR,Fulton,9795,28.8,26.2,2566.29,PLACES 2025 release (2023 survey)
05051,AR,Garland,80189,25.9,24.1,19325.549000000003,PLACES 2025 release (2023 survey)
05053,AR,Grant,14319,26.0,24.9,3565.431,PLACES 2025 release (2023 survey)
05055,AR,Greene,35680,28.5,27.8,9919.04,PLACES 2025 release (2023 survey)
05057,AR,Hempstead,14429,23.2,22.1,3188.809,PLACES 2025 release (2023 survey)
05059,AR,Hot Spring,26928,24.7,23.9,6435.7919999999995,PLACES 2025 release (2023 survey)
05061,AR,Howard,9311,25.5,24.3,2262.573,PLACES 2025 release (2023 survey)
05063,AR,Independence,29054,27.0,26.1,7583.094,PLACES 2025 release (2023 survey)
05065,AR,Izard,11629,27.5,25.6,2977.024,PLACES 2025 release (2023 survey)
05067,AR,Jackson,13466,26.9,26.3,3541.558,PLACES 2025 release (2023 survey)
05069,AR,Jefferson,50000,22.3,21.5,10750.0,PLACES 2025 release (2023 survey)
05071,AR,Johnson,19835,26.2,25.4,5038.09,PLACES 2025 release (2023 survey)
05073,AR,Lafayette,4961,26.0,23.9,1185.6789999999999,PLACES 2025 release (2023 survey)
05075,AR,Lawrence,12703,28.5,27.3,3467.9190000000003,PLACES 2025 release (2023 survey)
05077,AR,Lee,6761,21.9,21.3,1440.093,PLACES 2025 release (2023 survey)
05079,AR,Lincoln,10904,21.9,22.0,2398.88,PLACES 2025 release (2023 survey)
05081,AR,Little River,9237,26.0,24.5,2263.065,PLACES 2025 release (2023 survey)
05083,AR,Logan,16752,27.3,25.8,4322.0160000000005,PLACES 2025 release (2023 survey)
05085,AR,Lonoke,57386,26.2,25.8,14805.588,PLACES 2025 release (2023 survey)
05087,AR,Madison,13547,26.9,25.6,3468.032,PLACES 2025 release (2023 survey)
05089,AR,Marion,14236,27.7,24.8,3530.528,PLACES 2025 release (2023 survey)
05091,AR,Miller,32396,25.3,24.6,7969.416000000001,PLACES 2025 release (2023 survey)
05093,AR,Mississippi,28644,25.4,24.8,7103.7119999999995,PLACES 2025 release (2023 survey)
05095,AR,Monroe,4982,24.8,22.9,1140.878,PLACES 2025 release (2023 survey)
05097,AR,Montgomery,7004,27.8,25.2,1765.008,PLACES 2025 release (2023 survey)
05099,AR,Nevada,6347,25.8,24.1,1529.6270000000002,PLACES 2025 release (2023 survey)
05101,AR,Newton,5758,27.2,24.7,1422.2259999999999,PLACES 2025 release (2023 survey)
05103,AR,Ouachita,16948,24.6,23.2,3931.9359999999997,PLACES 2025 release (2023 survey)
05105,AR,Perry,8014,26.7,25.1,2011.514,PLACES 2025 release (2023 survey)
05107,AR,Phillips,11146,24.0,22.6,2518.996,PLACES 2025 release (2023 survey)
05109,AR,Pike,7916,27.1,25.7,2034.412,PLACES 2025 release (2023 survey)
05111,AR,Poinsett,16955,27.9,26.8,4543.9400000000005,PLACES 2025 release (2023 survey)
05113,AR,Polk,15141,26.8,25.0,3785.25,PLACES 2025 release (2023 survey)
05115,AR,Pope,49630,25.1,24.6,12208.980000000001,PLACES 2025 release (2023 survey)
05117,AR,Prairie,6369,25.8,23.8,1515.8220000000001,PLACES 2025 release (2023 survey)
05119,AR,Pulaski,307397,23.6,23.1,71008.70700000001,PLACES 2025 release (2023 survey)
05121,AR,Randolph,14260,28.1,26.8,3821.6800000000003,PLACES 2025 release (2023 survey)
05123,AR,St. Francis,17444,22.2,21.7,3785.348,PLACES 2025 release (2023 survey)
05125,AR,Saline,99649,25.6,24.7,24613.303,PLACES 2025 release (2023 survey)
05127,AR,Scott,7622,26.7,25.1,1913.122,PLACES 2025 release (2023 survey)
05129,AR,Searcy,6215,28.5,26.0,1615.9,PLACES 2025 release (2023 survey)
05131,AR,Sebastian,98581,25.5,24.9,24546.669,PLACES 2025 release (2023 survey)
05133,AR,Sevier,11232,24.5,24.1,2706.9120000000003,PLACES 2025 release (2023 survey)
05135,AR,Sharp,14333,28.4,26.1,3740.913,PLACES 2025 release (2023 survey)
05137,AR,Stone,10181,28.0,25.3,2575.793,PLACES 2025 release (2023 survey)
05139,AR,Union,28421,24.7,23.6,6707.356000000001,PLACES 2025 release (2023 survey)
05141,AR,Van Buren,13054,27.3,24.8,3237.392,PLACES 2025 release (2023 survey)
05143,AR,Washington,200987,24.2,24.6,49442.802,PLACES 2025 release (2023 survey)
05145,AR,White,60279,27.1,26.3,15853.377,PLACES 2025 release (2023 survey)
05147,AR,Woodruff,4659,26.6,24.4,1136.796,PLACES 2025 release (2023 survey)
05149,AR,Yell,15261,26.1,25.1,3830.511,PLACES 2025 release (2023 survey)
06001,CA,Alameda,1306255,18.9,18.6,242963.43000000002,PLACES 2025 release (2023 survey)
06003,CA,Alpine,955,23.5,21.7,207.23499999999999,PLACES 2025 release (2023 survey)
06005,CA,Amador,35299,23.2,21.7,7659.883,PLACES 2025 release (2023 survey)
06007,CA,Butte,164973,26.0,25.6,42233.088,PLACES 2025 release (2023 survey)
06009,CA,Calaveras,38409,25.6,23.2,8910.887999999999,PLACES 2025 release (2023 survey)
06011,CA,Colusa,16122,21.9,21.6,3482.3520000000003,PLACES 2025 release (2023 survey)
06013,CA,Contra Costa,904586,19.7,19.1,172775.926,PLACES 2025 release (2023 survey)
06015,CA,Del Norte,21034,24.3,23.5,4942.99,PLACES 2025 release (2023 survey)
06017,CA,El Dorado,155106,23.9,22.3,34588.638,PLACES 2025 release (2023 survey)
06019,CA,Fresno,737124,21.3,21.4,157744.536,PLACES 2025 release (2023 survey)
06021,CA,Glenn,20659,23.2,22.6,4668.934,PLACES 2025 release (2023 survey)
06023,CA,Humboldt,109146,26.8,26.1,28487.106,PLACES 2025 release (2023 survey)
06025,CA,Imperial,128709,20.0,19.9,25613.090999999997,PLACES 2025 release (2023 survey)
06027,CA,Inyo,14859,23.8,22.2,3298.698,PLACES 2025 release (2023 survey)
06029,CA,Kern,654092,22.6,22.8,149132.976,PLACES 2025 release (2023 survey)
06031,CA,Kings,111961,20.7,21.1,23623.771,PLACES 2025 release (2023 survey)
06033,CA,Lake,52978,25.6,24.0,12714.72,PLACES 2025 release (2023 survey)
06035,CA,Lassen,23438,23.1,22.9,5367.302,PLACES 2025 release (2023 survey)
06037,CA,Los Angeles,7710575,19.3,19.0,1465009.25,PLACES 2025 release (2023 survey)
06039,CA,Madera,118944,21.9,21.8,25929.792,PLACES 2025 release (2023 survey)
06041,CA,Marin,206190,22.1,20.6,42475.14000000001,PLACES 2025 release (2023 survey)
06043,CA,Mariposa,13883,25.0,22.6,3137.558,PLACES 2025 release (2023 survey)
06045,CA,Mendocino,70576,24.5,23.0,16232.480000000001,PLACES 2025 release (2023 survey)
06047,CA,Merced,209020,21.3,21.5,44939.3,PLACES 2025 release (2023 survey)
06049,CA,Modoc,6906,26.5,23.9,1650.5339999999999,PLACES 2025 release (2023 survey)
06051,CA,Mono,10809,23.4,22.8,2464.452,PLACES 2025 release (2023 survey)
06053,CA,Monterey,321055,19.4,19.2,61642.56,PLACES 2025 release (2023 survey)
06055,CA,Napa,107838,21.8,20.8,22430.304000000004,PLACES 2025 release (2023 survey)
06057,CA,Nevada,84878,25.3,23.0,19521.940000000002,PLACES 2025 release (2023 survey)
06059,CA,Orange,2489875,19.4,19.0,473076.25,PLACES 2025 release (2023 survey)
06061,CA,Placer,332465,22.5,21.3,70815.045,PLACES 2025 release (2023 survey)
06063,CA,Plumas,15898,26.3,23.4,3720.1319999999996,PLACES 2025 release (2023 survey)
06065,CA,Riverside,1899181,22.0,21.7,412122.277,PLACES 2025 release (2023 survey)
06067,CA,Sacramento,1226535,22.7,22.5,275970.375,PLACES 2025 release (2023 survey)
06069,CA,San Benito,51135,20.3,20.2,10329.269999999999,PLACES 2025 release (2023 survey)
06071,CA,San Bernardino,1641803,19.5,19.6,321793.38800000004,PLACES 2025 release (2023 survey)
06073,CA,San Diego,2594848,21.2,21.1,547512.9280000001,PLACES 2025 release (2023 survey)
06075,CA,San Francisco,698599,19.8,19.4,135528.20599999998,PLACES 2025 release (2023 survey)
06077,CA,San Joaquin,593491,19.7,19.6,116324.236,PLACES 2025 release (2023 survey)
06079,CA,San Luis Obispo,233172,23.7,22.8,53163.216,PLACES 2025 release (2023 survey)
06081,CA,San Mateo,587135,18.7,18.1,106271.43500000001,PLACES 2025 release (2023 survey)
06083,CA,Santa Barbara,343138,21.8,21.7,74460.946,PLACES 2025 release (2023 survey)
06085,CA,Santa Clara,1503217,17.9,17.8,267572.62600000005,PLACES 2025 release (2023 survey)
06087,CA,Santa Cruz,214446,23.3,22.8,48893.688,PLACES 2025 release (2023 survey)
06089,CA,Shasta,141552,25.6,24.3,34397.136,PLACES 2025 release (2023 survey)
06091,CA,Sierra,2670,26.0,23.2,619.4399999999999,PLACES 2025 release (2023 survey)
06093,CA,Siskiyou,34437,26.2,24.0,8264.88,PLACES 2025 release (2023 survey)
06095,CA,Solano,351690,19.9,19.4,68227.85999999999,PLACES 2025 release (2023 survey)
06097,CA,Sonoma,391558,23.9,22.9,89666.78199999999,PLACES 2025 release (2023 survey)
06099,CA,Stanislaus,405599,21.0,20.9,84770.19099999999,PLACES 2025 release (2023 survey)
06101,CA,Sutter,73657,22.0,21.5,15836.255,PLACES 2025 release (2023 survey)
06103,CA,Tehama,49286,25.2,24.1,11877.926000000001,PLACES 2025 release (2023 survey)
06105,CA,Trinity,12928,27.7,24.8,3206.144,PLACES 2025 release (2023 survey)
06107,CA,Tulare,338551,22.1,22.3,75496.873,PLACES 2025 release (2023 survey)
06109,CA,Tuolumne,44852,25.5,23.6,10585.072,PLACES 2025 release (2023 survey)
06111,CA,Ventura,651461,21.1,20.6,134200.96600000001,PLACES 2025 release (2023 survey)
06113,CA,Yolo,177405,23.3,23.6,41867.58,PLACES 2025 release (2023 survey)
06115,CA,Yuba,62561,23.6,23.7,14826.956999999999,PLACES 2025 release (2023 survey)
08001,CO,Adams,403764,20.3,20.7,83579.148,PLACES 2025 release (2023 survey)
08003,CO,Alamosa,12672,22.6,22.6,2863.8720000000003,PLACES 2025 release (2023 survey)
08005,CO,Arapahoe,510201,21.8,21.7,110713.617,PLACES 2025 release (2023 survey)
08007,CO,Archuleta,11826,23.1,21.2,2507.112,PLACES 2025 release (2023 survey)
08009,CO,Baca,2584,26.3,24.2,625.328,PLACES 2025 release (2023 survey)
08011,CO,Bent,4784,22.5,22.0,1052.48,PLACES 2025 release (2023 survey)
08013,CO,Boulder,271124,23.5,23.3,63171.892,PLACES 2025 release (2023 survey)
08014,CO,Broomfield,61571,21.6,21.4,13176.194,PLACES 2025 release (2023 survey)
08015,CO,Chaffee,17609,22.9,21.6,3803.5440000000003,PLACES 2025 release (2023 survey)
08017,CO,Cheyenne,1301,24.4,22.8,296.628,PLACES 2025 release (2023 survey)
08019,CO,Clear Creek,7938,22.7,21.3,1690.7939999999999,PLACES 2025 release (2023 survey)
08021,CO,Conejos,5620,21.7,20.5,1152.1,PLACES 2025 release (2023 survey)
08023,CO,Costilla,2957,21.4,19.5,576.615,PLACES 2025 release (2023 survey)
08025,CO,Crowley,5006,20.3,20.5,1026.23,PLACES 2025 release (2023 survey)
08027,CO,Custer,4689,24.9,22.0,1031.58,PLACES 2025 release (2023 survey)
08029,CO,Delta,25772,25.8,23.6,6082.192,PLACES 2025 release (2023 survey)
08031,CO,Denver,589711,21.9,22.7,133864.397,PLACES 2025 release (2023 survey)
08033,CO,Dolores,2096,24.2,22.7,475.792,PLACES 2025 release (2023 survey)
08035,CO,Douglas,296166,21.5,21.1,62491.026000000005,PLACES 2025 release (2023 survey)
08037,CO,Eagle,43620,20.6,20.4,8898.48,PLACES 2025 release (2023 survey)
08039,CO,Elbert,22667,22.9,21.7,4918.739,PLACES 2025 release (2023 survey)
08041,CO,El Paso,574278,25.3,25.4,145866.612,PLACES 2025 release (2023 survey)
08043,CO,Fremont,42512,24.0,23.2,9862.784,PLACES 2025 release (2023 survey)
08045,CO,Garfield,47597,21.2,21.1,10042.967,PLACES 2025 release (2023 survey)
08047,CO,Gilpin,5161,23.1,21.9,1130.2589999999998,PLACES 2025 release (2023 survey)
08049,CO,Grand,13504,23.5,22.6,3051.904,PLACES 2025 release (2023 survey)
08051,CO,Gunnison,14624,23.1,23.3,3407.3920000000003,PLACES 2025 release (2023 survey)
08053,CO,Hinsdale,662,23.2,20.2,133.724,PLACES 2025 release (2023 survey)
08055,CO,Huerfano,5992,22.9,20.6,1234.352,PLACES 2025 release (2023 survey)
08057,CO,Jackson,1072,25.0,23.0,246.56,PLACES 2025 release (2023 survey)
08059,CO,Jefferson,472514,23.6,23.1,109150.73400000001,PLACES 2025 release (2023 survey)
08061,CO,Kiowa,1055,25.6,23.2,244.76,PLACES 2025 release (2023 survey)
08063,CO,Kit Carson,5210,24.7,23.3,1213.93,PLACES 2025 release (2023 survey)
08065,CO,Lake,5869,21.6,21.6,1267.7040000000002,PLACES 2025 release (2023 survey)
08067,CO,La Plata,46809,22.9,21.9,10251.170999999998,PLACES 2025 release (2023 survey)
08069,CO,Larimer,304158,25.0,24.8,75431.184,PLACES 2025 release (2023 survey)
08071,CO,Las Animas,11821,23.1,21.7,2565.157,PLACES 2025 release (2023 survey)
08073,CO,Lincoln,4374,22.3,21.6,944.7840000000001,PLACES 2025 release (2023 survey)
08075,CO,Logan,16878,24.3,23.6,3983.208,PLACES 2025 release (2023 survey)
08077,CO,Mesa,127668,24.5,23.4,29874.311999999998,PLACES 2025 release (2023 survey)
08079,CO,Mineral,819,23.4,21.5,176.085,PLACES 2025 release (2023 survey)
08081,CO,Moffat,10079,24.8,24.1,2429.039,PLACES 2025 release (2023 survey)
08083,CO,Montezuma,21032,25.2,23.6,4963.552000000001,PLACES 2025 release (2023 survey)
08085,CO,Montrose,35363,24.1,22.4,7921.311999999999,PLACES 2025 release (2023 survey)
08087,CO,Morgan,21787,22.0,21.7,4727.7789999999995,PLACES 2025 release (2023 survey)
08089,CO,Otero,13957,23.8,22.5,3140.3250000000003,PLACES 2025 release (2023 survey)
08091,CO,Ouray,4488,23.6,21.1,946.9680000000001,PLACES 2025 release (2023 survey)
08093,CO,Park,15510,22.7,21.1,3272.61,PLACES 2025 release (2023 survey)
08095,CO,Phillips,3359,24.0,22.7,762.4929999999999,PLACES 2025 release (2023 survey)
08097,CO,Pitkin,14206,21.7,20.4,2898.024,PLACES 2025 release (2023 survey)
08099,CO,Prowers,8744,23.1,22.4,1958.6559999999997,PLACES 2025 release (2023 survey)
08101,CO,Pueblo,132908,23.4,22.6,30037.208000000002,PLACES 2025 release (2023 survey)
08103,CO,Rio Blanco,5042,24.6,23.6,1189.912,PLACES 2025 release (2023 survey)
08105,CO,Rio Grande,8914,22.2,21.0,1871.9399999999998,PLACES 2025 release (2023 survey)
08107,CO,Routt,20739,22.7,21.8,4521.102,PLACES 2025 release (2023 survey)
08109,CO,Saguache,5416,22.7,21.0,1137.36,PLACES 2025 release (2023 survey)
08111,CO,San Juan,709,23.2,21.5,152.435,PLACES 2025 release (2023 survey)
08113,CO,San Miguel,6642,22.6,21.9,1454.5979999999997,PLACES 2025 release (2023 survey)
08115,CO,Sedgwick,1854,24.5,21.9,406.02599999999995,PLACES 2025 release (2023 survey)
08117,CO,Summit,25681,22.2,22.1,5675.501,PLACES 2025 release (2023 survey)
08119,CO,Teller,20694,23.8,22.0,4552.68,PLACES 2025 release (2023 survey)
08121,CO,Washington,3732,24.2,22.6,843.432,PLACES 2025 release (2023 survey)
08123,CO,Weld,268740,22.0,22.1,59391.54,PLACES 2025 release (2023 survey)
08125,CO,Yuma,7075,23.2,22.3,1577.7250000000001,PLACES 2025 release (2023 survey)
09110,CT,Capitol,780140,21.8,21.8,170070.52,PLACES 2025 release (2023 survey)
09120,CT,Greater Bridgeport,256229,18.2,17.8,45608.762,PLACES 2025 release (2023 survey)
09130,CT,Lower Connecticut River Valley,147247,23.8,22.4,32983.327999999994,PLACES 2025 release (2023 survey)
09140,CT,Naugatuck Valley,364230,21.8,21.1,76852.53000000001,PLACES 2025 release (2023 survey)
09150,CT,Northeastern Connecticut,79116,24.8,23.9,18908.724,PLACES 2025 release (2023 survey)
09160,CT,Northwest Hills,93325,23.9,21.6,20158.2,PLACES 2025 release (2023 survey)
09170,CT,South Central Connecticut,457936,20.9,20.4,93418.94399999999,PLACES 2025 release (2023 survey)
09180,CT,Southeastern Connecticut,226482,23.5,23.1,52317.342000000004,PLACES 2025 release (2023 survey)
09190,CT,Western Connecticut,489485,19.3,17.7,86638.845,PLACES 2025 release (2023 survey)
10001,DE,Kent,146800,23.3,22.5,33030.0,PLACES 2025 release (2023 survey)
10003,DE,New Castle,456332,21.5,21.0,95829.72,PLACES 2025 release (2023 survey)
10005,DE,Sussex,216820,22.4,20.4,44231.28,PLACES 2025 release (2023 survey)
11001,DC,District of Columbia,552380,21.0,21.6,119314.08000000002,PLACES 2025 release (2023 survey)
12001,FL,Alachua,235265,19.8,20.1,47288.265,PLACES 2025 release (2023 survey)
12003,FL,Baker,21295,20.0,19.6,4173.82,PLACES 2025 release (2023 survey)
12005,FL,Bay,150387,21.5,20.8,31280.496000000003,PLACES 2025 release (2023 survey)
12007,FL,Bradford,21945,20.9,20.3,4454.835,PLACES 2025 release (2023 survey)
12009,FL,Brevard,528274,20.0,18.6,98258.964,PLACES 2025 release (2023 survey)
12011,FL,Broward,1559291,16.2,15.6,243249.396,PLACES 2025 release (2023 survey)
12013,FL,Calhoun,10766,20.7,19.9,2142.4339999999997,PLACES 2025 release (2023 survey)
12015,FL,Charlotte,181904,19.0,16.2,29468.448,PLACES 2025 release (2023 survey)
12017,FL,Citrus,142235,21.2,18.4,26171.239999999998,PLACES 2025 release (2023 survey)
12019,FL,Clay,179750,19.6,18.9,33972.74999999999,PLACES 2025 release (2023 survey)
12021,FL,Collier,339282,16.9,15.1,51231.581999999995,PLACES 2025 release (2023 survey)
12023,FL,Columbia,57020,21.0,20.1,11461.02,PLACES 2025 release (2023 survey)
12027,FL,DeSoto,29486,19.4,18.6,5484.396000000001,PLACES 2025 release (2023 survey)
12029,FL,Dixie,14301,21.3,20.0,2860.2000000000003,PLACES 2025 release (2023 survey)
12031,FL,Duval,801179,19.8,19.6,157031.084,PLACES 2025 release (2023 survey)
12033,FL,Escambia,258632,21.0,20.5,53019.56,PLACES 2025 release (2023 survey)
12035,FL,Flagler,110520,20.5,18.3,20225.16,PLACES 2025 release (2023 survey)
12037,FL,Franklin,10717,19.6,18.3,1961.211,PLACES 2025 release (2023 survey)
12039,FL,Gadsden,34200,17.4,16.6,5677.200000000001,PLACES 2025 release (2023 survey)
12041,FL,Gilchrist,15406,21.8,20.6,3173.6360000000004,PLACES 2025 release (2023 survey)
12043,FL,Glades,11132,18.6,17.6,1959.2320000000002,PLACES 2025 release (2023 survey)
12045,FL,Gulf,13114,20.4,19.5,2557.23,PLACES 2025 release (2023 survey)
12047,FL,Hamilton,10639,19.8,19.1,2032.049,PLACES 2025 release (2023 survey)
12049,FL,Hardee,19295,18.3,18.0,3473.1,PLACES 2025 release (2023 survey)
12051,FL,Hendry,32457,16.6,16.6,5387.862,PLACES 2025 release (2023 survey)
12053,FL,Hernando,173370,21.3,19.7,34153.89,PLACES 2025 release (2023 survey)
12055,FL,Highlands,89745,19.2,16.9,15166.904999999999,PLACES 2025 release (2023 survey)
12057,FL,Hillsborough,1206004,16.7,16.6,200196.66400000002,PLACES 2025 release (2023 survey)
12059,FL,Holmes,15826,21.8,20.8,3291.8080000000004,PLACES 2025 release (2023 survey)
12061,FL,Indian River,144567,18.8,16.6,23998.122000000003,PLACES 2025 release (2023 survey)
12063,FL,Jackson,39341,20.1,19.3,7592.813,PLACES 2025 release (2023 survey)
12065,FL,Jefferson,12807,18.7,17.5,2241.225,PLACES 2025 release (2023 survey)
12067,FL,Lafayette,6495,19.9,19.3,1253.535,PLACES 2025 release (2023 survey)
12069,FL,Lake,344053,18.6,17.1,58833.063,PLACES 2025 release (2023 survey)
12071,FL,Lee,692259,18.4,16.9,116991.771,PLACES 2025 release (2023 survey)
12073,FL,Leon,242508,17.9,18.2,44136.456,PLACES 2025 release (2023 survey)
12075,FL,Levy,37523,20.6,19.0,7129.37,PLACES 2025 release (2023 survey)
12077,FL,Liberty,6342,19.3,19.0,1204.98,PLACES 2025 release (2023 survey)
12079,FL,Madison,15063,19.5,18.6,2801.7180000000003,PLACES 2025 release (2023 survey)
12081,FL,Manatee,365149,19.1,17.4,63535.92599999999,PLACES 2025 release (2023 survey)
12083,FL,Marion,333326,20.7,19.0,63331.94,PLACES 2025 release (2023 survey)
12085,FL,Martin,137320,19.2,17.1,23481.72,PLACES 2025 release (2023 survey)
12086,FL,Miami-Dade,2154272,14.0,13.5,290826.72000000003,PLACES 2025 release (2023 survey)
12087,FL,Monroe,68170,17.4,16.1,10975.37,PLACES 2025 release (2023 survey)
12089,FL,Nassau,82029,19.7,18.3,15011.306999999999,PLACES 2025 release (2023 survey)
12091,FL,Okaloosa,169246,19.5,19.1,32325.986,PLACES 2025 release (2023 survey)
12093,FL,Okeechobee,32401,20.3,19.4,6285.793999999999,PLACES 2025 release (2023 survey)
12095,FL,Orange,1160505,16.5,16.6,192643.83000000002,PLACES 2025 release (2023 survey)
12097,FL,Osceola,333862,17.3,17.2,57424.263999999996,PLACES 2025 release (2023 survey)
12099,FL,Palm Beach,1247769,16.5,15.3,190908.657,PLACES 2025 release (2023 survey)
12101,FL,Pasco,504907,20.2,19.1,96437.23700000001,PLACES 2025 release (2023 survey)
12103,FL,Pinellas,816023,20.9,19.3,157492.439,PLACES 2025 release (2023 survey)
12105,FL,Polk,638484,19.8,19.2,122588.928,PLACES 2025 release (2023 survey)
12107,FL,Putnam,59956,20.9,19.6,11751.376,PLACES 2025 release (2023 survey)
12109,FL,St. Johns,251521,18.6,17.4,43764.653999999995,PLACES 2025 release (2023 survey)
12111,FL,St. Lucie,300271,18.1,17.0,51046.07000000001,PLACES 2025 release (2023 survey)
12113,FL,Santa Rosa,158829,19.8,19.3,30653.997,PLACES 2025 release (2023 survey)
12115,FL,Sarasota,403873,20.7,17.9,72293.26699999999,PLACES 2025 release (2023 survey)
12117,FL,Seminole,385528,16.7,16.4,63226.59199999999,PLACES 2025 release (2023 survey)
12119,FL,Sumter,140704,17.0,14.1,19839.264,PLACES 2025 release (2023 survey)
12121,FL,Suwannee,36557,20.4,19.3,7055.501,PLACES 2025 release (2023 survey)
12123,FL,Taylor,17040,20.3,19.3,3288.7200000000003,PLACES 2025 release (2023 survey)
12125,FL,Union,12084,20.7,20.2,2440.968,PLACES 2025 release (2023 survey)
12127,FL,Volusia,487914,20.4,19.1,93191.57400000001,PLACES 2025 release (2023 survey)
12129,FL,Wakulla,28876,18.5,18.0,5197.679999999999,PLACES 2025 release (2023 survey)
12131,FL,Walton,68437,19.7,18.7,12797.719,PLACES 2025 release (2023 survey)
12133,FL,Washington,20435,21.1,20.4,4168.74,PLACES 2025 release (2023 survey)
13001,GA,Appling,13966,22.9,22.0,3072.52,PLACES 2025 release (2023 survey)
13003,GA,Atkinson,6215,22.2,22.0,1367.3,PLACES 2025 release (2023 survey)
13005,GA,Bacon,8340,22.7,22.1,1843.14,PLACES 2025 release (2023 survey)
13007,GA,Baker,2242,21.1,19.3,432.706,PLACES 2025 release (2023 survey)
13009,GA,Baldwin,35399,20.5,20.4,7221.396,PLACES 2025 release (2023 survey)
13011,GA,Banks,15562,23.7,22.8,3548.136,PLACES 2025 release (2023 survey)
13013,GA,Barrow,69765,19.7,19.7,13743.704999999998,PLACES 2025 release (2023 survey)
13015,GA,Bartow,88588,21.5,21.2,18780.656,PLACES 2025 release (2023 survey)
13017,GA,Ben Hill,12939,21.7,20.9,2704.2509999999997,PLACES 2025 release (2023 survey)
13019,GA,Berrien,14256,23.8,22.9,3264.624,PLACES 2025 release (2023 survey)
13021,GA,Bibb,118300,19.9,19.5,23068.5,PLACES 2025 release (2023 survey)
13023,GA,Bleckley,9890,22.7,21.8,2156.02,PLACES 2025 release (2023 survey)
13025,GA,Brantley,14186,25.0,24.0,3404.64,PLACES 2025 release (2023 survey)
13027,GA,Brooks,12902,21.5,20.2,2606.2039999999997,PLACES 2025 release (2023 survey)
13029,GA,Bryan,35571,20.4,20.5,7292.054999999999,PLACES 2025 release (2023 survey)
13031,GA,Bulloch,67469,20.9,21.4,14438.366,PLACES 2025 release (2023 survey)
13033,GA,Burke,18515,21.2,20.4,3777.06,PLACES 2025 release (2023 survey)
13035,GA,Butts,21395,20.6,20.4,4364.58,PLACES 2025 release (2023 survey)
13037,GA,Calhoun,4642,17.5,17.3,803.066,PLACES 2025 release (2023 survey)
13039,GA,Camden,44234,21.1,20.9,9244.905999999999,PLACES 2025 release (2023 survey)
13043,GA,Candler,8146,22.0,21.2,1726.952,PLACES 2025 release (2023 survey)
13045,GA,Carroll,96984,21.4,21.3,20657.592,PLACES 2025 release (2023 survey)
13047,GA,Catoosa,54038,22.2,21.3,11510.094,PLACES 2025 release (2023 survey)
13049,GA,Charlton,10660,20.2,20.1,2142.6600000000003,PLACES 2025 release (2023 survey)
13051,GA,Chatham,241631,19.2,18.9,45668.25899999999,PLACES 2025 release (2023 survey)
13053,GA,Chattahoochee,6690,19.6,21.0,1404.8999999999999,PLACES 2025 release (2023 survey)
13055,GA,Chattooga,19718,24.0,23.1,4554.858,PLACES 2025 release (2023 survey)
13057,GA,Cherokee,222757,20.7,20.2,44996.914,PLACES 2025 release (2023 survey)
13059,GA,Clarke,108382,21.0,22.2,24060.804,PLACES 2025 release (2023 survey)
13061,GA,Clay,2290,19.9,18.3,419.07,PLACES 2025 release (2023 survey)
13063,GA,Clayton,219599,16.8,17.0,37331.83,PLACES 2025 release (2023 survey)
13065,GA,Clinch,5045,22.6,21.8,1099.81,PLACES 2025 release (2023 survey)
13067,GA,Cobb,603821,18.3,18.2,109895.42199999999,PLACES 2025 release (2023 survey)
13069,GA,Coffee,32601,21.8,21.7,7074.417,PLACES 2025 release (2023 survey)
13071,GA,Colquitt,34375,22.1,21.7,7459.375,PLACES 2025 release (2023 survey)
13073,GA,Columbia,124488,19.8,19.4,24150.672,PLACES 2025 release (2023 survey)
13075,GA,Cook,13235,22.9,22.2,2938.17,PLACES 2025 release (2023 survey)
13077,GA,Coweta,120448,19.7,19.3,23246.464,PLACES 2025 release (2023 survey)
13079,GA,Crawford,9813,21.9,20.6,2021.478,PLACES 2025 release (2023 survey)
13081,GA,Crisp,15039,21.4,20.5,3082.995,PLACES 2025 release (2023 survey)
13083,GA,Dade,13017,23.8,22.6,2941.842,PLACES 2025 release (2023 survey)
13085,GA,Dawson,25312,21.8,21.0,5315.5199999999995,PLACES 2025 release (2023 survey)
13087,GA,Decatur,22056,21.0,20.3,4477.368,PLACES 2025 release (2023 survey)
13089,GA,DeKalb,591931,16.9,16.9,100036.33899999999,PLACES 2025 release (2023 survey)
13091,GA,Dodge,16128,21.5,20.6,3322.3680000000004,PLACES 2025 release (2023 survey)
13093,GA,Dooly,9303,18.5,17.8,1655.9340000000002,PLACES 2025 release (2023 survey)
13095,GA,Dougherty,62618,19.1,18.6,11646.948000000002,PLACES 2025 release (2023 survey)
13097,GA,Douglas,111702,18.3,18.2,20329.764,PLACES 2025 release (2023 survey)
13099,GA,Early,7986,20.9,19.8,1581.228,PLACES 2025 release (2023 survey)
13101,GA,Echols,2736,20.9,20.6,563.6160000000001,PLACES 2025 release (2023 survey)
13103,GA,Effingham,52772,20.6,20.5,10818.26,PLACES 2025 release (2023 survey)
13105,GA,Elbert,15564,21.6,20.4,3175.0559999999996,PLACES 2025 release (2023 survey)
13107,GA,Emanuel,17452,21.2,20.8,3630.0160000000005,PLACES 2025 release (2023 survey)
13109,GA,Evans,8115,21.4,20.8,1687.92,PLACES 2025 release (2023 survey)
13111,GA,Fannin,21938,23.4,20.7,4541.166,PLACES 2025 release (2023 survey)
13113,GA,Fayette,95974,18.7,17.6,16891.424000000003,PLACES 2025 release (2023 survey)
13115,GA,Floyd,77443,22.8,22.3,17269.789,PLACES 2025 release (2023 survey)
13117,GA,Forsyth,203939,17.8,17.4,35485.386,PLACES 2025 release (2023 survey)
13119,GA,Franklin,19292,23.4,22.6,4359.992,PLACES 2025 release (2023 survey)
13121,GA,Fulton,856802,16.8,16.9,144799.538,PLACES 2025 release (2023 survey)
13123,GA,Gilmer,26936,22.6,20.7,5575.7519999999995,PLACES 2025 release (2023 survey)
13125,GA,Glascock,2319,23.6,22.5,521.775,PLACES 2025 release (2023 survey)
13127,GA,Glynn,68495,20.5,19.3,13219.535,PLACES 2025 release (2023 survey)
13129,GA,Gordon,46142,23.0,22.5,10381.95,PLACES 2025 release (2023 survey)
13131,GA,Grady,19695,21.3,20.3,3998.0850000000005,PLACES 2025 release (2023 survey)
13133,GA,Greene,17235,19.3,17.5,3016.125,PLACES 2025 release (2023 survey)
13135,GA,Gwinnett,730986,15.7,15.7,114764.802,PLACES 2025 release (2023 survey)
13137,GA,Habersham,38151,22.2,21.5,8202.465,PLACES 2025 release (2023 survey)
13139,GA,Hall,166389,20.6,20.2,33610.577999999994,PLACES 2025 release (2023 survey)
13141,GA,Hancock,7419,18.2,17.5,1298.3249999999998,PLACES 2025 release (2023 survey)
13143,GA,Haralson,24278,24.4,23.8,5778.164000000001,PLACES 2025 release (2023 survey)
13145,GA,Harris,28872,19.9,18.8,5427.936,PLACES 2025 release (2023 survey)
13147,GA,Hart,22018,21.7,20.4,4491.672,PLACES 2025 release (2023 survey)
13149,GA,Heard,9275,23.5,22.6,2096.15,PLACES 2025 release (2023 survey)
13151,GA,Henry,191306,17.7,17.6,33669.856,PLACES 2025 release (2023 survey)
13153,GA,Houston,128292,20.7,20.5,26299.859999999997,PLACES 2025 release (2023 survey)
13155,GA,Irwin,7005,22.5,21.5,1506.075,PLACES 2025 release (2023 survey)
13157,GA,Jackson,66464,20.9,20.5,13625.119999999999,PLACES 2025 release (2023 survey)
13159,GA,Jasper,12575,22.6,21.7,2728.775,PLACES 2025 release (2023 survey)
13161,GA,Jeff Davis,11152,22.9,22.2,2475.744,PLACES 2025 release (2023 survey)
13163,GA,Jefferson,11719,20.7,19.9,2332.0809999999997,PLACES 2025 release (2023 survey)
13165,GA,Jenkins,6909,20.8,20.5,1416.345,PLACES 2025 release (2023 survey)
13167,GA,Johnson,7669,20.9,20.2,1549.138,PLACES 2025 release (2023 survey)
13169,GA,Jones,22439,21.7,20.8,4667.312000000001,PLACES 2025 release (2023 survey)
13171,GA,Lamar,16036,21.3,20.9,3351.524,PLACES 2025 release (2023 survey)
13173,GA,Lanier,7992,22.3,22.0,1758.24,PLACES 2025 release (2023 survey)
13175,GA,Laurens,37550,21.2,20.3,7622.650000000001,PLACES 2025 release (2023 survey)
13177,GA,Lee,25370,20.4,20.2,5124.74,PLACES 2025 release (2023 survey)
13179,GA,Liberty,50108,18.9,19.7,9871.276,PLACES 2025 release (2023 survey)
13181,GA,Lincoln,6351,22.2,20.3,1289.2530000000002,PLACES 2025 release (2023 survey)
13183,GA,Long,14123,20.8,21.3,3008.199,PLACES 2025 release (2023 survey)
13185,GA,Lowndes,91064,20.3,20.5,18668.12,PLACES 2025 release (2023 survey)
13187,GA,Lumpkin,29477,22.9,22.5,6632.325,PLACES 2025 release (2023 survey)
13189,GA,McDuffie,16447,21.4,20.4,3355.1879999999996,PLACES 2025 release (2023 survey)
13191,GA,McIntosh,9721,22.5,20.3,1973.363,PLACES 2025 release (2023 survey)
13193,GA,Macon,9723,18.5,18.1,1759.8630000000003,PLACES 2025 release (2023 survey)
13195,GA,Madison,24680,23.1,22.3,5503.64,PLACES 2025 release (2023 survey)
13197,GA,Marion,5938,21.9,20.4,1211.3519999999999,PLACES 2025 release (2023 survey)
13199,GA,Meriwether,16562,21.6,20.4,3378.6479999999997,PLACES 2025 release (2023 survey)
13201,GA,Miller,4410,22.9,21.1,930.5100000000001,PLACES 2025 release (2023 survey)
13205,GA,Mitchell,16263,20.8,20.0,3252.6000000000004,PLACES 2025 release (2023 survey)
13207,GA,Monroe,24227,20.8,20.0,4845.400000000001,PLACES 2025 release (2023 survey)
13209,GA,Montgomery,6956,21.7,21.1,1467.7160000000001,PLACES 2025 release (2023 survey)
13211,GA,Morgan,16735,20.8,19.6,3280.06,PLACES 2025 release (2023 survey)
13213,GA,Murray,31441,22.9,22.4,7042.784,PLACES 2025 release (2023 survey)
13215,GA,Muscogee,151740,19.8,19.6,29741.04,PLACES 2025 release (2023 survey)
13217,GA,Newton,90194,18.9,18.8,16956.472,PLACES 2025 release (2023 survey)
13219,GA,Oconee,32893,20.6,19.5,6414.135,PLACES 2025 release (2023 survey)
13221,GA,Oglethorpe,12372,21.8,20.8,2573.376,PLACES 2025 release (2023 survey)
13223,GA,Paulding,136998,20.5,20.4,27947.591999999997,PLACES 2025 release (2023 survey)
13225,GA,Peach,22815,20.0,19.5,4448.925,PLACES 2025 release (2023 survey)
13227,GA,Pickens,29293,23.3,21.8,6385.874,PLACES 2025 release (2023 survey)
13229,GA,Pierce,15398,23.3,22.5,3464.55,PLACES 2025 release (2023 survey)
13231,GA,Pike,15706,22.4,21.7,3408.2019999999998,PLACES 2025 release (2023 survey)
13233,GA,Polk,33130,22.9,22.5,7454.25,PLACES 2025 release (2023 survey)
13235,GA,Pulaski,8287,23.1,21.8,1806.566,PLACES 2025 release (2023 survey)
13237,GA,Putnam,18686,21.3,19.8,3699.828,PLACES 2025 release (2023 survey)
13239,GA,Quitman,1849,21.0,18.6,343.91400000000004,PLACES 2025 release (2023 survey)
13241,GA,Rabun,14652,22.6,20.5,3003.66,PLACES 2025 release (2023 survey)
13243,GA,Randolph,4809,21.5,19.6,942.5640000000001,PLACES 2025 release (2023 survey)
13245,GA,Richmond,158562,20.5,20.4,32346.647999999997,PLACES 2025 release (2023 survey)
13247,GA,Rockdale,73494,18.1,17.6,12934.944000000001,PLACES 2025 release (2023 survey)
13249,GA,Schley,3488,22.2,20.8,725.504,PLACES 2025 release (2023 survey)
13251,GA,Screven,11178,21.0,20.0,2235.6,PLACES 2025 release (2023 survey)
13253,GA,Seminole,7325,21.2,19.5,1428.375,PLACES 2025 release (2023 survey)
13255,GA,Spalding,53654,20.7,20.0,10730.800000000001,PLACES 2025 release (2023 survey)
13257,GA,Stephens,21289,23.4,22.1,4704.869,PLACES 2025 release (2023 survey)
13259,GA,Stewart,4068,17.2,17.3,703.764,PLACES 2025 release (2023 survey)
13261,GA,Sumter,22380,19.6,19.2,4296.96,PLACES 2025 release (2023 survey)
13263,GA,Talbot,4784,20.4,18.5,885.04,PLACES 2025 release (2023 survey)
13265,GA,Taliaferro,1312,19.4,17.5,229.6,PLACES 2025 release (2023 survey)
13267,GA,Tattnall,19380,20.3,20.2,3914.7599999999998,PLACES 2025 release (2023 survey)
13269,GA,Taylor,6246,22.4,21.0,1311.6599999999999,PLACES 2025 release (2023 survey)
13271,GA,Telfair,9009,20.4,19.8,1783.7820000000002,PLACES 2025 release (2023 survey)
13273,GA,Terrell,6786,20.4,19.4,1316.484,PLACES 2025 release (2023 survey)
13275,GA,Thomas,34945,20.7,19.7,6884.164999999999,PLACES 2025 release (2023 survey)
13277,GA,Tift,31354,21.4,21.0,6584.34,PLACES 2025 release (2023 survey)
13279,GA,Toombs,19850,21.4,20.8,4128.8,PLACES 2025 release (2023 survey)
13281,GA,Towns,11309,23.4,20.3,2295.7270000000003,PLACES 2025 release (2023 survey)
13283,GA,Treutlen,4946,22.5,21.8,1078.228,PLACES 2025 release (2023 survey)
13285,GA,Troup,53548,21.1,20.7,11084.436,PLACES 2025 release (2023 survey)
13287,GA,Turner,6668,21.7,20.8,1386.9440000000002,PLACES 2025 release (2023 survey)
13289,GA,Twiggs,6243,20.8,19.1,1192.413,PLACES 2025 release (2023 survey)
13291,GA,Union,23066,23.4,20.5,4728.53,PLACES 2025 release (2023 survey)
13293,GA,Upson,21805,22.1,21.2,4622.66,PLACES 2025 release (2023 survey)
13295,GA,Walker,54798,22.6,21.6,11836.368000000002,PLACES 2025 release (2023 survey)
13297,GA,Walton,81495,21.0,20.4,16624.98,PLACES 2025 release (2023 survey)
13299,GA,Ware,27189,22.5,21.9,5954.391,PLACES 2025 release (2023 survey)
13301,GA,Warren,4068,20.3,18.9,768.8519999999999,PLACES 2025 release (2023 survey)
13303,GA,Washington,15608,20.0,19.4,3027.9519999999998,PLACES 2025 release (2023 survey)
13305,GA,Wayne,23759,22.0,21.6,5131.944,PLACES 2025 release (2023 survey)
13307,GA,Webster,1938,21.3,19.3,374.034,PLACES 2025 release (2023 survey)
13309,GA,Wheeler,5935,19.1,19.0,1127.65,PLACES 2025 release (2023 survey)
13311,GA,White,23497,22.6,21.1,4957.867,PLACES 2025 release (2023 survey)
13313,GA,Whitfield,78269,20.5,20.2,15810.338,PLACES 2025 release (2023 survey)
13315,GA,Wilcox,7154,19.8,19.2,1373.568,PLACES 2025 release (2023 survey)
13317,GA,Wilkes,7557,20.7,19.2,1450.944,PLACES 2025 release (2023 survey)
13319,GA,Wilkinson,6784,21.4,20.1,1363.584,PLACES 2025 release (2023 survey)
13321,GA,Worth,15854,22.9,21.7,3440.3179999999998,PLACES 2025 release (2023 survey)
15001,HI,Hawaii,164992,21.7,20.0,32998.4,PLACES 2025 release (2023 survey)
15003,HI,Honolulu,787914,15.9,15.1,118975.014,PLACES 2025 release (2023 survey)
15005,HI,Kalawao,75,14.2,14.3,10.725000000000001,PLACES 2025 release (2023 survey)
15007,HI,Kauai,58274,17.9,16.4,9556.935999999998,PLACES 2025 release (2023 survey)
15009,HI,Maui,130270,16.9,15.8,20582.66,PLACES 2025 release (2023 survey)
16001,ID,Ada,411855,25.5,25.0,102963.75,PLACES 2025 release (2023 survey)
16003,ID,Adams,4062,24.0,21.5,873.33,PLACES 2025 release (2023 survey)
16005,ID,Bannock,67958,25.2,25.0,16989.5,PLACES 2025 release (2023 survey)
16007,ID,Bear Lake,5018,23.7,22.2,1113.996,PLACES 2025 release (2023 survey)
16009,ID,Benewah,8064,24.2,22.4,1806.3359999999998,PLACES 2025 release (2023 survey)
16011,ID,Bingham,35914,23.5,23.0,8260.220000000001,PLACES 2025 release (2023 survey)
16013,ID,Blaine,20458,20.1,18.9,3866.5619999999994,PLACES 2025 release (2023 survey)
16015,ID,Boise,7188,23.7,21.4,1538.232,PLACES 2025 release (2023 survey)
16017,ID,Bonner,42293,23.3,21.3,9008.409,PLACES 2025 release (2023 survey)
16019,ID,Bonneville,92871,25.5,25.3,23496.363,PLACES 2025 release (2023 survey)
16021,ID,Boundary,10356,23.6,21.8,2257.608,PLACES 2025 release (2023 survey)
16023,ID,Butte,2126,26.1,23.8,505.98800000000006,PLACES 2025 release (2023 survey)
16025,ID,Camas,960,23.0,21.0,201.6,PLACES 2025 release (2023 survey)
16027,ID,Canyon,189929,23.3,23.1,43873.599,PLACES 2025 release (2023 survey)
16029,ID,Caribou,5232,23.0,22.0,1151.04,PLACES 2025 release (2023 survey)
16031,ID,Cassia,17834,22.4,22.1,3941.314,PLACES 2025 release (2023 survey)
16033,ID,Clark,612,21.7,20.4,124.848,PLACES 2025 release (2023 survey)
16035,ID,Clearwater,7803,22.9,20.8,1623.0240000000001,PLACES 2025 release (2023 survey)
16037,ID,Custer,3769,23.3,20.6,776.4140000000001,PLACES 2025 release (2023 survey)
16039,ID,Elmore,22520,22.8,22.8,5134.56,PLACES 2025 release (2023 survey)
16041,ID,Franklin,10847,23.3,22.8,2473.116,PLACES 2025 release (2023 survey)
16043,ID,Fremont,10850,22.8,22.1,2397.85,PLACES 2025 release (2023 survey)
16045,ID,Gem,16445,23.4,21.8,3585.0099999999998,PLACES 2025 release (2023 survey)
16047,ID,Gooding,11928,21.7,20.9,2492.9519999999998,PLACES 2025 release (2023 survey)
16049,ID,Idaho,14280,23.2,20.9,2984.52,PLACES 2025 release (2023 survey)
16051,ID,Jefferson,23316,22.6,22.5,5246.1,PLACES 2025 release (2023 survey)
16053,ID,Jerome,17979,21.8,21.6,3883.4640000000004,PLACES 2025 release (2023 survey)
16055,ID,Kootenai,144057,24.9,23.7,34141.509,PLACES 2025 release (2023 survey)
16057,ID,Latah,33280,23.1,23.4,7787.5199999999995,PLACES 2025 release (2023 survey)
16059,ID,Lemhi,6904,24.6,21.9,1511.9759999999999,PLACES 2025 release (2023 survey)
16061,ID,Lewis,2946,24.5,21.9,645.1739999999999,PLACES 2025 release (2023 survey)
16063,ID,Lincoln,4062,22.0,21.7,881.454,PLACES 2025 release (2023 survey)
16065,ID,Madison,43341,24.2,27.9,12092.139,PLACES 2025 release (2023 survey)
16067,ID,Minidoka,16145,21.3,20.8,3358.1600000000003,PLACES 2025 release (2023 survey)
16069,ID,Nez Perce,33960,25.2,23.9,8116.44,PLACES 2025 release (2023 survey)
16071,ID,Oneida,3589,23.4,22.0,789.58,PLACES 2025 release (2023 survey)
16073,ID,Owyhee,9638,23.1,22.2,2139.636,PLACES 2025 release (2023 survey)
16075,ID,Payette,20474,23.5,22.5,4606.650000000001,PLACES 2025 release (2023 survey)
16077,ID,Power,5792,21.8,21.2,1227.904,PLACES 2025 release (2023 survey)
16079,ID,Shoshone,11081,24.5,22.9,2537.549,PLACES 2025 release (2023 survey)
16081,ID,Teton,9883,21.0,20.7,2045.781,PLACES 2025 release (2023 survey)
16083,ID,Twin Falls,70457,24.2,23.7,16698.308999999997,PLACES 2025 release (2023 survey)
16085,ID,Valley,10405,23.3,21.2,2205.86,PLACES 2025 release (2023 survey)
16087,ID,Washington,8903,23.7,21.8,1940.854,PLACES 2025 release (2023 survey)
17001,IL,Adams,49972,23.8,22.4,11193.728,PLACES 2025 release (2023 survey)
17003,IL,Alexander,3690,23.2,21.2,782.28,PLACES 2025 release (2023 survey)
17005,IL,Bond,13506,23.4,22.8,3079.368,PLACES 2025 release (2023 survey)
17007,IL,Boone,40735,22.2,21.5,8758.025,PLACES 2025 release (2023 survey)
17009,IL,Brown,5228,20.5,20.5,1071.74,PLACES 2025 release (2023 survey)
17011,IL,Bureau,26017,24.1,22.5,5853.825,PLACES 2025 release (2023 survey)
17013,IL,Calhoun,3452,23.4,21.2,731.824,PLACES 2025 release (2023 survey)
17015,IL,Carroll,12708,22.6,21.3,2706.804,PLACES 2025 release (2023 survey)
17017,IL,Cass,9542,22.4,21.6,2061.072,PLACES 2025 release (2023 survey)
17019,IL,Champaign,166549,22.3,22.6,37640.074,PLACES 2025 release (2023 survey)
17021,IL,Christian,26982,23.4,22.4,6043.967999999999,PLACES 2025 release (2023 survey)
17023,IL,Clark,11771,23.8,22.5,2648.475,PLACES 2025 release (2023 survey)
17025,IL,Clay,10006,25.1,23.6,2361.416,PLACES 2025 release (2023 survey)
17027,IL,Clinton,28932,22.6,21.7,6278.244,PLACES 2025 release (2023 survey)
17029,IL,Coles,37579,24.6,24.1,9056.539,PLACES 2025 release (2023 survey)
17031,IL,Cook,4031580,19.0,18.7,753905.46,PLACES 2025 release (2023 survey)
17033,IL,Crawford,14700,23.3,22.3,3278.1,PLACES 2025 release (2023 survey)
17035,IL,Cumberland,7994,24.5,22.9,1830.6259999999997,PLACES 2025 release (2023 survey)
17037,IL,DeKalb,78892,22.9,23.0,18145.16,PLACES 2025 release (2023 survey)
17039,IL,De Witt,12070,23.9,22.5,2715.75,PLACES 2025 release (2023 survey)
17041,IL,Douglas,14859,23.6,22.6,3358.134,PLACES 2025 release (2023 survey)
17043,IL,DuPage,719635,17.9,17.4,125216.48999999999,PLACES 2025 release (2023 survey)
17045,IL,Edgar,13132,24.8,22.8,2994.096,PLACES 2025 release (2023 survey)
17047,IL,Edwards,4705,25.5,23.6,1110.38,PLACES 2025 release (2023 survey)
17049,IL,Effingham,26215,23.5,22.5,5898.375,PLACES 2025 release (2023 survey)
17051,IL,Fayette,16988,23.0,22.4,3805.3119999999994,PLACES 2025 release (2023 survey)
17053,IL,Ford,10197,24.1,22.9,2335.113,PLACES 2025 release (2023 survey)
17055,IL,Franklin,28958,25.1,23.7,6863.045999999999,PLACES 2025 release (2023 survey)
17057,IL,Fulton,26249,24.3,23.1,6063.519,PLACES 2025 release (2023 survey)
17059,IL,Gallatin,3791,25.3,23.0,871.9300000000001,PLACES 2025 release (2023 survey)
17061,IL,Greene,9100,24.8,23.2,2111.2,PLACES 2025 release (2023 survey)
17063,IL,Grundy,40665,22.5,22.0,8946.3,PLACES 2025 release (2023 survey)
17065,IL,Hamilton,6144,25.1,23.3,1431.5520000000001,PLACES 2025 release (2023 survey)
17067,IL,Hancock,13505,24.0,22.0,2971.1,PLACES 2025 release (2023 survey)
17069,IL,Hardin,2918,24.7,22.4,653.632,PLACES 2025 release (2023 survey)
17071,IL,Henderson,4976,23.9,21.4,1064.864,PLACES 2025 release (2023 survey)
17073,IL,Henry,38043,23.3,21.8,8293.374,PLACES 2025 release (2023 survey)
17075,IL,Iroquois,20557,24.5,22.8,4686.996,PLACES 2025 release (2023 survey)
17077,IL,Jackson,42149,23.1,23.0,9694.27,PLACES 2025 release (2023 survey)
17079,IL,Jasper,7080,24.2,22.6,1600.0800000000002,PLACES 2025 release (2023 survey)
17081,IL,Jefferson,28241,23.7,22.7,6410.706999999999,PLACES 2025 release (2023 survey)
17083,IL,Jersey,16934,24.2,22.8,3860.952,PLACES 2025 release (2023 survey)
17085,IL,Jo Daviess,17877,23.2,20.6,3682.6620000000003,PLACES 2025 release (2023 survey)
17087,IL,Johnson,11121,22.0,21.5,2391.015,PLACES 2025 release (2023 survey)
17089,IL,Kane,394457,19.0,18.6,73369.00200000001,PLACES 2025 release (2023 survey)
17091,IL,Kankakee,82054,22.0,21.4,17559.556,PLACES 2025 release (2023 survey)
17093,IL,Kendall,102765,19.4,19.4,19936.409999999996,PLACES 2025 release (2023 survey)
17095,IL,Knox,38628,23.2,21.9,8459.532,PLACES 2025 release (2023 survey)
17097,IL,Lake,546551,18.5,18.1,98925.73100000001,PLACES 2025 release (2023 survey)
17099,IL,LaSalle,85477,23.4,22.3,19061.371,PLACES 2025 release (2023 survey)
17101,IL,Lawrence,12103,22.5,22.0,2662.66,PLACES 2025 release (2023 survey)
17103,IL,Lee,27075,22.4,21.2,5739.9,PLACES 2025 release (2023 survey)
17105,IL,Livingston,27580,23.1,22.0,6067.6,PLACES 2025 release (2023 survey)
17107,IL,Logan,22260,23.0,22.2,4941.72,PLACES 2025 release (2023 survey)
17109,IL,McDonough,21974,24.3,23.8,5229.812000000001,PLACES 2025 release (2023 survey)
17111,IL,McHenry,242583,22.3,21.7,52640.511,PLACES 2025 release (2023 survey)
17113,IL,McLean,134722,22.2,22.3,30043.006,PLACES 2025 release (2023 survey)
17115,IL,Macon,77904,22.9,21.7,16905.168,PLACES 2025 release (2023 survey)
17117,IL,Macoupin,35091,24.5,22.9,8035.838999999999,PLACES 2025 release (2023 survey)
17119,IL,Madison,207550,23.1,22.2,46076.1,PLACES 2025 release (2023 survey)
17121,IL,Marion,28035,24.8,23.5,6588.224999999999,PLACES 2025 release (2023 survey)
17123,IL,Marshall,9285,24.3,22.5,2089.125,PLACES 2025 release (2023 survey)
17125,IL,Mason,10018,24.4,22.6,2264.068,PLACES 2025 release (2023 survey)
17127,IL,Massac,10895,24.6,22.8,2484.06,PLACES 2025 release (2023 survey)
17129,IL,Menard,9394,24.0,22.5,2113.65,PLACES 2025 release (2023 survey)
17131,IL,Mercer,12237,24.0,22.4,2741.0879999999997,PLACES 2025 release (2023 survey)
17133,IL,Monroe,27543,22.6,21.3,5866.659,PLACES 2025 release (2023 survey)
17135,IL,Montgomery,22131,23.5,22.3,4935.213,PLACES 2025 release (2023 survey)
17137,IL,Morgan,25898,23.6,22.5,5827.05,PLACES 2025 release (2023 survey)
17139,IL,Moultrie,10780,25.0,23.7,2554.8599999999997,PLACES 2025 release (2023 survey)
17141,IL,Ogle,39938,23.0,21.8,8706.484,PLACES 2025 release (2023 survey)
17143,IL,Peoria,135266,22.8,22.1,29893.786,PLACES 2025 release (2023 survey)
17145,IL,Perry,16597,23.1,22.3,3701.131,PLACES 2025 release (2023 survey)
17147,IL,Piatt,13082,23.1,21.7,2838.794,PLACES 2025 release (2023 survey)
17149,IL,Pike,11015,24.8,23.2,2555.48,PLACES 2025 release (2023 survey)
17151,IL,Pope,3288,24.1,21.3,700.3439999999999,PLACES 2025 release (2023 survey)
17153,IL,Pulaski,3909,23.3,21.9,856.0709999999999,PLACES 2025 release (2023 survey)
17155,IL,Putnam,4497,23.0,21.1,948.8670000000001,PLACES 2025 release (2023 survey)
17157,IL,Randolph,23890,22.9,21.9,5231.909999999999,PLACES 2025 release (2023 survey)
17159,IL,Richland,12015,24.5,23.0,2763.4500000000003,PLACES 2025 release (2023 survey)
17161,IL,Rock Island,109684,21.3,20.4,22375.536,PLACES 2025 release (2023 survey)
17163,IL,St. Clair,194116,21.6,20.9,40570.244,PLACES 2025 release (2023 survey)
17165,IL,Saline,18163,24.8,23.3,4231.979,PLACES 2025 release (2023 survey)
17167,IL,Sangamon,151879,22.0,21.1,32046.469000000005,PLACES 2025 release (2023 survey)
17169,IL,Schuyler,5549,23.6,21.9,1215.2309999999998,PLACES 2025 release (2023 survey)
17171,IL,Scott,3763,24.3,22.7,854.2009999999999,PLACES 2025 release (2023 survey)
17173,IL,Shelby,16229,24.3,22.4,3635.296,PLACES 2025 release (2023 survey)
17175,IL,Stark,4084,24.0,22.3,910.732,PLACES 2025 release (2023 survey)
17177,IL,Stephenson,34127,24.3,22.4,7644.447999999999,PLACES 2025 release (2023 survey)
17179,IL,Tazewell,101480,24.2,23.0,23340.4,PLACES 2025 release (2023 survey)
17181,IL,Union,13274,24.4,22.8,3026.472,PLACES 2025 release (2023 survey)
17183,IL,Vermilion,54905,24.0,22.9,12573.244999999999,PLACES 2025 release (2023 survey)
17185,IL,Wabash,8679,24.4,22.9,1987.4909999999998,PLACES 2025 release (2023 survey)
17187,IL,Warren,12565,23.3,22.4,2814.5599999999995,PLACES 2025 release (2023 survey)
17189,IL,Washington,10805,23.7,22.2,2398.71,PLACES 2025 release (2023 survey)
17191,IL,Wayne,12269,25.0,23.3,2858.677,PLACES 2025 release (2023 survey)
17193,IL,White,10554,25.5,23.5,2480.19,PLACES 2025 release (2023 survey)
17195,IL,Whiteside,42573,22.9,21.5,9153.195,PLACES 2025 release (2023 survey)
17197,IL,Will,537627,19.2,18.9,101611.50299999998,PLACES 2025 release (2023 survey)
17199,IL,Williamson,52683,24.0,22.9,12064.407,PLACES 2025 release (2023 survey)
17201,IL,Winnebago,215494,23.4,22.5,48486.15,PLACES 2025 release (2023 survey)
17203,IL,Woodford,29234,23.2,22.0,6431.4800000000005,PLACES 2025 release (2023 survey)
18001,IN,Adams,24924,27.9,27.0,6729.4800000000005,PLACES 2025 release (2023 survey)
18003,IN,Allen,294905,26.5,26.1,76970.205,PLACES 2025 release (2023 survey)
18005,IN,Bartholomew,63788,25.4,24.9,15883.212,PLACES 2025 release (2023 survey)
18007,IN,Benton,6634,27.6,26.5,1758.01,PLACES 2025 release (2023 survey)
18009,IN,Blackford,9240,28.3,26.5,2448.6,PLACES 2025 release (2023 survey)
18011,IN,Boone,56880,22.1,21.5,12229.199999999999,PLACES 2025 release (2023 survey)
18013,IN,Brown,13065,26.4,24.1,3148.6650000000004,PLACES 2025 release (2023 survey)
18015,IN,Carroll,16103,26.5,25.0,4025.75,PLACES 2025 release (2023 survey)
18017,IN,Cass,28939,25.8,24.8,7176.872,PLACES 2025 release (2023 survey)
18019,IN,Clark,98156,26.5,25.9,25422.404000000002,PLACES 2025 release (2023 survey)
18021,IN,Clay,20399,27.8,26.5,5405.735000000001,PLACES 2025 release (2023 survey)
18023,IN,Clinton,24122,25.3,24.6,5934.012000000001,PLACES 2025 release (2023 survey)
18025,IN,Crawford,8319,28.9,27.1,2254.449,PLACES 2025 release (2023 survey)
18027,IN,Daviess,23700,28.0,27.2,6446.400000000001,PLACES 2025 release (2023 survey)
18029,IN,Dearborn,40242,26.4,25.1,10100.742,PLACES 2025 release (2023 survey)
18031,IN,Decatur,20278,27.0,26.0,5272.28,PLACES 2025 release (2023 survey)
18033,IN,DeKalb,33580,27.4,26.5,8898.7,PLACES 2025 release (2023 survey)
18035,IN,Delaware,91956,29.6,29.3,26943.108,PLACES 2025 release (2023 survey)
18037,IN,Dubois,33017,24.5,23.4,7725.977999999999,PLACES 2025 release (2023 survey)
18039,IN,Elkhart,150600,25.7,25.2,37951.2,PLACES 2025 release (2023 survey)
18041,IN,Fayette,18243,28.6,27.1,4943.853,PLACES 2025 release (2023 survey)
18043,IN,Floyd,62972,26.1,25.2,15868.944,PLACES 2025 release (2023 survey)
18045,IN,Fountain,13018,27.5,26.0,3384.6800000000003,PLACES 2025 release (2023 survey)
18047,IN,Franklin,17964,26.8,25.3,4544.892,PLACES 2025 release (2023 survey)
18049,IN,Fulton,15626,27.0,25.5,3984.63,PLACES 2025 release (2023 survey)
18051,IN,Gibson,25197,27.6,26.5,6677.205,PLACES 2025 release (2023 survey)
18053,IN,Grant,51942,28.7,27.7,14387.933999999997,PLACES 2025 release (2023 survey)
18055,IN,Greene,24492,27.7,26.3,6441.396000000001,PLACES 2025 release (2023 survey)
18057,IN,Hamilton,278885,22.9,22.5,62749.125,PLACES 2025 release (2023 survey)
18059,IN,Hancock,66246,25.2,24.4,16164.024,PLACES 2025 release (2023 survey)
18061,IN,Harrison,31213,26.1,24.8,7740.824,PLACES 2025 release (2023 survey)
18063,IN,Hendricks,140883,21.8,21.3,30008.078999999998,PLACES 2025 release (2023 survey)
18065,IN,Henry,39114,27.8,26.8,10482.552000000001,PLACES 2025 release (2023 survey)
18067,IN,Howard,64586,26.5,25.3,16340.258,PLACES 2025 release (2023 survey)
18069,IN,Huntington,28842,26.8,25.8,7441.236,PLACES 2025 release (2023 survey)
18071,IN,Jackson,34546,26.2,25.5,8809.23,PLACES 2025 release (2023 survey)
18073,IN,Jasper,25921,25.9,24.8,6428.408,PLACES 2025 release (2023 survey)
18075,IN,Jay,14886,27.7,26.5,3944.7900000000004,PLACES 2025 release (2023 survey)
18077,IN,Jefferson,26481,27.5,26.4,6990.984,PLACES 2025 release (2023 survey)
18079,IN,Jennings,21266,27.9,27.0,5741.820000000001,PLACES 2025 release (2023 survey)
18081,IN,Johnson,127387,25.8,25.3,32228.911,PLACES 2025 release (2023 survey)
18083,IN,Knox,28282,26.6,25.7,7268.474,PLACES 2025 release (2023 survey)
18085,IN,Kosciusko,61628,26.1,25.2,15530.256,PLACES 2025 release (2023 survey)
18087,IN,LaGrange,28068,27.8,27.2,7634.496,PLACES 2025 release (2023 survey)
18089,IN,Lake,385370,21.0,20.3,78230.11,PLACES 2025 release (2023 survey)
18091,IN,LaPorte,88166,25.3,24.5,21600.67,PLACES 2025 release (2023 survey)
18093,IN,Lawrence,35554,26.1,24.8,8817.392,PLACES 2025 release (2023 survey)
18095,IN,Madison,104288,27.7,26.8,27949.184,PLACES 2025 release (2023 survey)
18097,IN,Marion,727834,25.3,25.5,185597.67,PLACES 2025 release (2023 survey)
18099,IN,Marshall,35175,27.0,25.8,9075.15,PLACES 2025 release (2023 survey)
18101,IN,Martin,7723,27.3,25.7,1984.8110000000001,PLACES 2025 release (2023 survey)
18103,IN,Miami,28092,26.8,26.1,7332.012000000001,PLACES 2025 release (2023 survey)
18105,IN,Monroe,117382,26.7,27.1,31810.522,PLACES 2025 release (2023 survey)
18107,IN,Montgomery,29757,27.1,26.0,7736.820000000001,PLACES 2025 release (2023 survey)
18109,IN,Morgan,57218,26.5,25.4,14533.372,PLACES 2025 release (2023 survey)
18111,IN,Newton,11012,26.1,24.8,2730.976,PLACES 2025 release (2023 survey)
18113,IN,Noble,36001,25.3,24.5,8820.244999999999,PLACES 2025 release (2023 survey)
18115,IN,Ohio,4809,27.1,25.0,1202.25,PLACES 2025 release (2023 survey)
18117,IN,Orange,15128,28.4,26.9,4069.4319999999993,PLACES 2025 release (2023 survey)
18119,IN,Owen,17270,28.2,26.5,4576.55,PLACES 2025 release (2023 survey)
18121,IN,Parke,12706,28.8,27.2,3456.032,PLACES 2025 release (2023 survey)
18123,IN,Perry,15282,26.1,25.2,3851.064,PLACES 2025 release (2023 survey)
18125,IN,Pike,9417,27.0,25.4,2391.918,PLACES 2025 release (2023 survey)
18127,IN,Porter,138304,24.4,23.6,32639.744000000002,PLACES 2025 release (2023 survey)
18129,IN,Posey,19685,26.4,24.8,4881.88,PLACES 2025 release (2023 survey)
18131,IN,Pulaski,9679,27.1,25.5,2468.145,PLACES 2025 release (2023 survey)
18133,IN,Putnam,30179,26.4,25.9,7816.361,PLACES 2025 release (2023 survey)
18135,IN,Randolph,18722,27.2,25.8,4830.276,PLACES 2025 release (2023 survey)
18137,IN,Ripley,22263,26.1,24.9,5543.487,PLACES 2025 release (2023 survey)
18139,IN,Rush,13067,27.9,26.6,3475.822,PLACES 2025 release (2023 survey)
18141,IN,St. Joseph,209729,27.7,27.2,57046.288,PLACES 2025 release (2023 survey)
18143,IN,Scott,19068,28.2,27.3,5205.564,PLACES 2025 release (2023 survey)
18145,IN,Shelby,35206,28.0,26.9,9470.413999999999,PLACES 2025 release (2023 survey)
18147,IN,Spencer,15626,27.3,25.8,4031.5080000000003,PLACES 2025 release (2023 survey)
18149,IN,Starke,18050,27.9,26.4,4765.2,PLACES 2025 release (2023 survey)
18151,IN,Steuben,28111,27.0,25.4,7140.194,PLACES 2025 release (2023 survey)
18153,IN,Sullivan,16872,26.0,25.3,4268.616,PLACES 2025 release (2023 survey)
18155,IN,Switzerland,7652,28.4,26.8,2050.7360000000003,PLACES 2025 release (2023 survey)
18157,IN,Tippecanoe,150623,23.8,24.3,36601.388999999996,PLACES 2025 release (2023 survey)
18159,IN,Tipton,12151,26.7,25.0,3037.75,PLACES 2025 release (2023 survey)
18161,IN,Union,5517,27.0,25.4,1401.318,PLACES 2025 release (2023 survey)
18163,IN,Vanderburgh,140992,27.9,27.1,38208.832,PLACES 2025 release (2023 survey)
18165,IN,Vermillion,12095,27.6,26.3,3180.985,PLACES 2025 release (2023 survey)
18167,IN,Vigo,84369,26.9,26.5,22357.785,PLACES 2025 release (2023 survey)
18169,IN,Wabash,24213,26.2,24.6,5956.398,PLACES 2025 release (2023 survey)
18171,IN,Warren,6645,27.3,25.6,1701.1200000000001,PLACES 2025 release (2023 survey)
18173,IN,Warrick,50898,25.9,24.8,12622.704,PLACES 2025 release (2023 survey)
18175,IN,Washington,21906,28.6,27.4,6002.244,PLACES 2025 release (2023 survey)
18177,IN,Wayne,51199,28.4,27.1,13874.929,PLACES 2025 release (2023 survey)
18179,IN,Wells,21512,26.9,25.7,5528.584,PLACES 2025 release (2023 survey)
18181,IN,White,19028,26.8,25.3,4814.084,PLACES 2025 release (2023 survey)
18183,IN,Whitley,26865,25.8,24.6,6608.790000000001,PLACES 2025 release (2023 survey)
19001,IA,Adair,5700,21.9,20.2,1151.3999999999999,PLACES 2025 release (2023 survey)
19003,IA,Adams,2778,22.2,20.1,558.378,PLACES 2025 release (2023 survey)
19005,IA,Allamakee,10623,21.7,20.1,2135.223,PLACES 2025 release (2023 survey)
19007,IA,Appanoose,9467,23.8,21.8,2063.806,PLACES 2025 release (2023 survey)
19009,IA,Audubon,4333,21.9,19.8,857.9340000000001,PLACES 2025 release (2023 survey)
19011,IA,Benton,19933,21.3,20.0,3986.6000000000004,PLACES 2025 release (2023 survey)
19013,IA,Black Hawk,101949,21.6,21.3,21715.137,PLACES 2025 release (2023 survey)
19015,IA,Boone,21104,21.3,20.2,4263.008,PLACES 2025 release (2023 survey)
19017,IA,Bremer,19617,20.5,19.5,3825.315,PLACES 2025 release (2023 survey)
19019,IA,Buchanan,15459,21.3,20.2,3122.718,PLACES 2025 release (2023 survey)
19021,IA,Buena Vista,15115,18.3,18.0,2720.7,PLACES 2025 release (2023 survey)
19023,IA,Butler,11057,22.0,20.3,2244.5710000000004,PLACES 2025 release (2023 survey)
19025,IA,Calhoun,7637,21.1,19.7,1504.4889999999998,PLACES 2025 release (2023 survey)
19027,IA,Carroll,15519,21.2,19.8,3072.762,PLACES 2025 release (2023 survey)
19029,IA,Cass,10126,22.8,21.1,2136.5860000000002,PLACES 2025 release (2023 survey)
19031,IA,Cedar,14479,22.1,20.7,2997.153,PLACES 2025 release (2023 survey)
19033,IA,Cerro Gordo,33545,22.9,21.3,7145.085,PLACES 2025 release (2023 survey)
19035,IA,Cherokee,8953,22.1,20.2,1808.5059999999999,PLACES 2025 release (2023 survey)
19037,IA,Chickasaw,8978,20.6,19.0,1705.82,PLACES 2025 release (2023 survey)
19039,IA,Clarke,7120,21.6,20.6,1466.72,PLACES 2025 release (2023 survey)
19041,IA,Clay,12791,21.3,19.9,2545.4089999999997,PLACES 2025 release (2023 survey)
19043,IA,Clayton,13315,21.4,19.5,2596.425,PLACES 2025 release (2023 survey)
19045,IA,Clinton,35649,21.7,20.4,7272.396,PLACES 2025 release (2023 survey)
19047,IA,Crawford,12050,19.5,18.9,2277.45,PLACES 2025 release (2023 survey)
19049,IA,Dallas,81838,19.2,19.2,15712.896,PLACES 2025 release (2023 survey)
19051,IA,Davis,6446,22.7,21.5,1385.8899999999999,PLACES 2025 release (2023 survey)
19053,IA,Decatur,5875,22.4,21.3,1251.375,PLACES 2025 release (2023 survey)
19055,IA,Delaware,13528,21.3,19.7,2665.0159999999996,PLACES 2025 release (2023 survey)
19057,IA,Des Moines,29795,22.5,21.1,6286.745000000001,PLACES 2025 release (2023 survey)
19059,IA,Dickinson,14615,20.6,18.5,2703.775,PLACES 2025 release (2023 survey)
19061,IA,Dubuque,76789,20.3,19.5,14973.855000000001,PLACES 2025 release (2023 survey)
19063,IA,Emmet,7456,21.0,19.7,1468.8319999999999,PLACES 2025 release (2023 survey)
19065,IA,Fayette,15100,21.5,20.0,3020.0,PLACES 2025 release (2023 survey)
19067,IA,Floyd,11807,21.9,20.4,2408.6279999999997,PLACES 2025 release (2023 survey)
19069,IA,Franklin,7448,21.7,20.3,1511.9440000000002,PLACES 2025 release (2023 survey)
19071,IA,Fremont,5059,21.9,20.1,1016.859,PLACES 2025 release (2023 survey)
19073,IA,Greene,6667,22.2,20.4,1360.068,PLACES 2025 release (2023 survey)
19075,IA,Grundy,9451,21.0,19.6,1852.396,PLACES 2025 release (2023 survey)
19077,IA,Guthrie,8454,21.0,19.2,1623.1680000000001,PLACES 2025 release (2023 survey)
19079,IA,Hamilton,11259,20.9,19.5,2195.505,PLACES 2025 release (2023 survey)
19081,IA,Hancock,8332,21.9,20.2,1683.0639999999999,PLACES 2025 release (2023 survey)
19083,IA,Hardin,13369,21.6,20.1,2687.1690000000003,PLACES 2025 release (2023 survey)
19085,IA,Harrison,11251,21.6,20.2,2272.7019999999998,PLACES 2025 release (2023 survey)
19087,IA,Henry,15436,21.2,20.1,3102.636,PLACES 2025 release (2023 survey)
19089,IA,Howard,7026,21.8,20.4,1433.3039999999999,PLACES 2025 release (2023 survey)
19091,IA,Humboldt,7247,21.7,20.1,1456.6470000000002,PLACES 2025 release (2023 survey)
19093,IA,Ida,5151,21.7,20.1,1035.351,PLACES 2025 release (2023 survey)
19095,IA,Iowa,12590,21.5,20.2,2543.18,PLACES 2025 release (2023 survey)
19097,IA,Jackson,15066,22.2,20.6,3103.5960000000005,PLACES 2025 release (2023 survey)
19099,IA,Jasper,29600,21.5,20.4,6038.4,PLACES 2025 release (2023 survey)
19101,IA,Jefferson,12891,20.3,19.0,2449.29,PLACES 2025 release (2023 survey)
19103,IA,Johnson,127373,20.4,21.0,26748.329999999998,PLACES 2025 release (2023 survey)
19105,IA,Jones,16705,21.0,19.8,3307.59,PLACES 2025 release (2023 survey)
19107,IA,Keokuk,7694,22.7,21.1,1623.4340000000002,PLACES 2025 release (2023 survey)
19109,IA,Kossuth,11208,21.8,19.8,2219.184,PLACES 2025 release (2023 survey)
19111,IA,Lee,25623,21.6,20.2,5175.846,PLACES 2025 release (2023 survey)
19113,IA,Linn,177999,23.8,23.1,41117.769,PLACES 2025 release (2023 survey)
19115,IA,Louisa,8288,20.7,19.6,1624.448,PLACES 2025 release (2023 survey)
19117,IA,Lucas,6665,22.6,21.1,1406.315,PLACES 2025 release (2023 survey)
19119,IA,Lyon,8896,22.2,21.0,1868.1599999999999,PLACES 2025 release (2023 survey)
19121,IA,Madison,12791,21.3,20.3,2596.5730000000003,PLACES 2025 release (2023 survey)
19123,IA,Mahaska,16738,22.1,21.1,3531.7180000000003,PLACES 2025 release (2023 survey)
19125,IA,Marion,25965,22.1,21.0,5452.65,PLACES 2025 release (2023 survey)
19127,IA,Marshall,29881,20.0,19.4,5796.914,PLACES 2025 release (2023 survey)
19129,IA,Mills,11325,21.0,19.7,2231.0249999999996,PLACES 2025 release (2023 survey)
19131,IA,Mitchell,8004,21.0,19.4,1552.7759999999998,PLACES 2025 release (2023 survey)
19133,IA,Monona,6595,22.4,20.6,1358.5700000000002,PLACES 2025 release (2023 survey)
19135,IA,Monroe,5790,21.8,20.5,1186.9499999999998,PLACES 2025 release (2023 survey)
19137,IA,Montgomery,7873,22.0,20.5,1613.965,PLACES 2025 release (2023 survey)
19139,IA,Muscatine,32274,20.1,19.4,6261.155999999999,PLACES 2025 release (2023 survey)
19141,IA,O'Brien,10569,22.2,21.0,2219.49,PLACES 2025 release (2023 survey)
19143,IA,Osceola,4643,21.7,20.1,933.243,PLACES 2025 release (2023 survey)
19145,IA,Page,12305,21.4,20.1,2473.3050000000003,PLACES 2025 release (2023 survey)
19147,IA,Palo Alto,6779,21.5,20.0,1355.8000000000002,PLACES 2025 release (2023 survey)
19149,IA,Plymouth,19365,20.0,18.9,3659.9849999999997,PLACES 2025 release (2023 survey)
19151,IA,Pocahontas,5362,21.4,19.6,1050.952,PLACES 2025 release (2023 survey)
19153,IA,Polk,383731,21.7,21.6,82885.89600000001,PLACES 2025 release (2023 survey)
19155,IA,Pottawattamie,72047,22.8,21.9,15778.292999999998,PLACES 2025 release (2023 survey)
19157,IA,Poweshiek,14872,22.8,21.6,3212.3520000000003,PLACES 2025 release (2023 survey)
19159,IA,Ringgold,3577,22.3,20.5,733.285,PLACES 2025 release (2023 survey)
19161,IA,Sac,7495,21.5,19.8,1484.01,PLACES 2025 release (2023 survey)
19163,IA,Scott,134300,21.2,20.5,27531.5,PLACES 2025 release (2023 survey)
19165,IA,Shelby,9133,21.6,19.9,1817.4669999999999,PLACES 2025 release (2023 survey)
19167,IA,Sioux,26374,20.8,20.3,5353.9220000000005,PLACES 2025 release (2023 survey)
19169,IA,Story,82292,20.9,21.5,17692.78,PLACES 2025 release (2023 survey)
19171,IA,Tama,12823,21.4,20.2,2590.2459999999996,PLACES 2025 release (2023 survey)
19173,IA,Taylor,4508,22.1,20.6,928.648,PLACES 2025 release (2023 survey)
19175,IA,Union,9293,21.8,20.6,1914.3580000000002,PLACES 2025 release (2023 survey)
19177,IA,Van Buren,5528,22.9,21.2,1171.936,PLACES 2025 release (2023 survey)
19179,IA,Wapello,26771,21.1,20.4,5461.284,PLACES 2025 release (2023 survey)
19181,IA,Warren,41762,21.1,20.5,8561.21,PLACES 2025 release (2023 survey)
19183,IA,Washington,16984,21.9,20.7,3515.6879999999996,PLACES 2025 release (2023 survey)
19185,IA,Wayne,4850,22.5,20.7,1003.9499999999999,PLACES 2025 release (2023 survey)
19187,IA,Webster,28671,21.3,20.5,5877.554999999999,PLACES 2025 release (2023 survey)
19189,IA,Winnebago,8271,21.5,20.3,1679.0130000000001,PLACES 2025 release (2023 survey)
19191,IA,Winneshiek,16136,20.6,19.2,3098.112,PLACES 2025 release (2023 survey)
19193,IA,Woodbury,78835,20.3,20.0,15767.0,PLACES 2025 release (2023 survey)
19195,IA,Worth,5744,21.6,20.0,1148.8,PLACES 2025 release (2023 survey)
19197,IA,Wright,9332,20.9,19.5,1819.74,PLACES 2025 release (2023 survey)
20001,KS,Allen,9628,23.9,22.6,2175.928,PLACES 2025 release (2023 survey)
20003,KS,Anderson,5838,22.9,21.5,1255.17,PLACES 2025 release (2023 survey)
20005,KS,Atchison,12523,22.3,21.7,2717.491,PLACES 2025 release (2023 survey)
20007,KS,Barber,3137,22.6,20.6,646.2220000000001,PLACES 2025 release (2023 survey)
20009,KS,Barton,18848,21.5,20.4,3844.9919999999997,PLACES 2025 release (2023 survey)
20011,KS,Bourbon,10633,22.8,21.7,2307.361,PLACES 2025 release (2023 survey)
20013,KS,Brown,6932,22.6,21.0,1455.72,PLACES 2025 release (2023 survey)
20015,KS,Butler,51856,21.8,21.2,10993.472,PLACES 2025 release (2023 survey)
20017,KS,Chase,2057,21.7,20.3,417.571,PLACES 2025 release (2023 survey)
20019,KS,Chautauqua,2613,23.2,21.1,551.3430000000001,PLACES 2025 release (2023 survey)
20021,KS,Cherokee,14716,23.8,22.5,3311.1,PLACES 2025 release (2023 survey)
20023,KS,Cheyenne,2027,22.9,20.9,423.643,PLACES 2025 release (2023 survey)
20025,KS,Clark,1425,21.1,19.8,282.15000000000003,PLACES 2025 release (2023 survey)
20027,KS,Clay,6150,23.3,21.5,1322.25,PLACES 2025 release (2023 survey)
20029,KS,Cloud,6762,23.1,21.9,1480.8779999999997,PLACES 2025 release (2023 survey)
20031,KS,Coffey,6507,22.4,20.8,1353.4560000000001,PLACES 2025 release (2023 survey)
20033,KS,Comanche,1267,22.8,20.8,263.536,PLACES 2025 release (2023 survey)
20035,KS,Cowley,26072,22.4,21.5,5605.48,PLACES 2025 release (2023 survey)
20037,KS,Crawford,30098,22.8,22.6,6802.148,PLACES 2025 release (2023 survey)
20039,KS,Decatur,2127,21.7,19.4,412.638,PLACES 2025 release (2023 survey)
20041,KS,Dickinson,14195,22.0,20.7,2938.365,PLACES 2025 release (2023 survey)
20043,KS,Doniphan,5905,22.4,21.3,1257.7649999999999,PLACES 2025 release (2023 survey)
20045,KS,Douglas,99565,24.0,24.5,24393.425,PLACES 2025 release (2023 survey)
20047,KS,Edwards,2119,21.1,19.8,419.562,PLACES 2025 release (2023 survey)
20049,KS,Elk,1897,23.4,21.1,400.26700000000005,PLACES 2025 release (2023 survey)
20051,KS,Ellis,23071,20.7,20.7,4775.697,PLACES 2025 release (2023 survey)
20053,KS,Ellsworth,5224,19.5,18.5,966.4399999999999,PLACES 2025 release (2023 survey)
20055,KS,Finney,26325,18.1,18.2,4791.15,PLACES 2025 release (2023 survey)
20057,KS,Ford,23779,17.9,17.9,4256.441,PLACES 2025 release (2023 survey)
20059,KS,Franklin,20176,22.1,21.3,4297.488,PLACES 2025 release (2023 survey)
20061,KS,Geary,23726,20.7,21.8,5172.268,PLACES 2025 release (2023 survey)
20063,KS,Gove,2038,21.5,19.7,401.48599999999993,PLACES 2025 release (2023 survey)
20065,KS,Graham,1886,21.8,19.6,369.656,PLACES 2025 release (2023 survey)
20067,KS,Grant,4979,17.6,17.3,861.3670000000001,PLACES 2025 release (2023 survey)
20069,KS,Gray,4076,21.7,21.0,855.9599999999999,PLACES 2025 release (2023 survey)
20071,KS,Greeley,861,20.7,19.5,167.895,PLACES 2025 release (2023 survey)
20073,KS,Greenwood,4610,23.1,21.0,968.0999999999999,PLACES 2025 release (2023 survey)
20075,KS,Hamilton,1730,18.9,18.6,321.78000000000003,PLACES 2025 release (2023 survey)
20077,KS,Harper,4018,23.2,21.7,871.906,PLACES 2025 release (2023 survey)
20079,KS,Harvey,25695,21.5,20.3,5216.085,PLACES 2025 release (2023 survey)
20081,KS,Haskell,2660,20.7,20.0,532.0,PLACES 2025 release (2023 survey)
20083,KS,Hodgeman,1265,20.4,19.0,240.35,PLACES 2025 release (2023 survey)
20085,KS,Jackson,10012,22.1,20.8,2082.496,PLACES 2025 release (2023 survey)
20087,KS,Jefferson,14419,22.1,20.7,2984.7329999999997,PLACES 2025 release (2023 survey)
20089,KS,Jewell,2244,23.1,20.5,460.02,PLACES 2025 release (2023 survey)
20091,KS,Johnson,477859,18.8,18.4,87926.056,PLACES 2025 release (2023 survey)
20093,KS,Kearny,2692,19.6,19.0,511.48,PLACES 2025 release (2023 survey)
20095,KS,Kingman,5406,22.5,21.3,1151.478,PLACES 2025 release (2023 survey)
20097,KS,Kiowa,1802,22.0,20.6,371.21200000000005,PLACES 2025 release (2023 survey)
20099,KS,Labette,14965,22.2,20.9,3127.685,PLACES 2025 release (2023 survey)
20101,KS,Lane,1159,22.2,20.4,236.43599999999998,PLACES 2025 release (2023 survey)
20103,KS,Leavenworth,63836,21.3,20.9,13341.724,PLACES 2025 release (2023 survey)
20105,KS,Lincoln,2286,22.8,20.6,470.91600000000005,PLACES 2025 release (2023 survey)
20107,KS,Linn,7693,21.9,20.2,1553.9859999999999,PLACES 2025 release (2023 survey)
20109,KS,Logan,1984,22.5,21.2,420.608,PLACES 2025 release (2023 survey)
20111,KS,Lyon,24980,21.5,21.5,5370.7,PLACES 2025 release (2023 survey)
20113,KS,McPherson,23489,22.2,21.1,4956.179,PLACES 2025 release (2023 survey)
20115,KS,Marion,9217,22.4,20.8,1917.1360000000002,PLACES 2025 release (2023 survey)
20117,KS,Marshall,7549,23.1,21.2,1600.388,PLACES 2025 release (2023 survey)
20119,KS,Meade,2875,21.2,20.3,583.625,PLACES 2025 release (2023 survey)
20121,KS,Miami,27123,22.0,20.9,5668.706999999999,PLACES 2025 release (2023 survey)
20123,KS,Mitchell,4312,22.4,20.8,896.8960000000001,PLACES 2025 release (2023 survey)
20125,KS,Montgomery,23384,22.9,21.6,5050.944,PLACES 2025 release (2023 survey)
20127,KS,Morris,4236,21.8,19.7,834.492,PLACES 2025 release (2023 survey)
20129,KS,Morton,1952,21.0,19.7,384.544,PLACES 2025 release (2023 survey)
20131,KS,Nemaha,7414,22.0,20.6,1527.284,PLACES 2025 release (2023 survey)
20133,KS,Neosho,11698,22.0,20.7,2421.486,PLACES 2025 release (2023 survey)
20135,KS,Ness,2030,21.5,19.9,403.96999999999997,PLACES 2025 release (2023 survey)
20137,KS,Norton,4310,21.3,20.5,883.55,PLACES 2025 release (2023 survey)
20139,KS,Osage,12172,22.6,21.1,2568.2920000000004,PLACES 2025 release (2023 survey)
20141,KS,Osborne,2619,22.3,20.1,526.419,PLACES 2025 release (2023 survey)
20143,KS,Ottawa,4451,22.2,20.7,921.357,PLACES 2025 release (2023 survey)
20145,KS,Pawnee,5127,20.5,19.3,989.5110000000001,PLACES 2025 release (2023 survey)
20147,KS,Phillips,3695,22.5,20.6,761.1700000000001,PLACES 2025 release (2023 survey)
20149,KS,Pottawatomie,18835,20.5,19.9,3748.1649999999995,PLACES 2025 release (2023 survey)
20151,KS,Pratt,6929,22.0,20.7,1434.3029999999999,PLACES 2025 release (2023 survey)
20153,KS,Rawlins,1900,22.9,20.5,389.5,PLACES 2025 release (2023 survey)
20155,KS,Reno,48096,23.2,22.1,10629.216,PLACES 2025 release (2023 survey)
20157,KS,Republic,3574,22.6,20.3,725.522,PLACES 2025 release (2023 survey)
20159,KS,Rice,7052,21.2,20.3,1431.556,PLACES 2025 release (2023 survey)
20161,KS,Riley,59912,21.9,23.2,13899.583999999999,PLACES 2025 release (2023 survey)
20163,KS,Rooks,3726,23.0,21.3,793.638,PLACES 2025 release (2023 survey)
20165,KS,Rush,2263,22.8,20.7,468.441,PLACES 2025 release (2023 survey)
20167,KS,Russell,5253,22.7,20.7,1087.3709999999999,PLACES 2025 release (2023 survey)
20169,KS,Saline,41187,21.7,20.7,8525.708999999999,PLACES 2025 release (2023 survey)
20171,KS,Scott,3638,20.0,19.1,694.8580000000001,PLACES 2025 release (2023 survey)
20173,KS,Sedgwick,398378,23.0,22.6,90033.428,PLACES 2025 release (2023 survey)
20175,KS,Seward,14437,17.6,17.8,2569.786,PLACES 2025 release (2023 survey)
20177,KS,Shawnee,137140,24.0,23.0,31542.2,PLACES 2025 release (2023 survey)
20179,KS,Sheridan,1821,21.8,20.0,364.20000000000005,PLACES 2025 release (2023 survey)
20181,KS,Sherman,4429,21.4,20.2,894.6579999999999,PLACES 2025 release (2023 survey)
20183,KS,Smith,2863,21.7,19.2,549.696,PLACES 2025 release (2023 survey)
20185,KS,Stafford,2956,21.9,20.4,603.024,PLACES 2025 release (2023 survey)
20187,KS,Stanton,1393,19.9,19.1,266.063,PLACES 2025 release (2023 survey)
20189,KS,Stevens,3621,20.8,19.9,720.579,PLACES 2025 release (2023 survey)
20191,KS,Sumner,16986,22.5,21.3,3618.018,PLACES 2025 release (2023 survey)
20193,KS,Thomas,5942,21.6,20.9,1241.878,PLACES 2025 release (2023 survey)
20195,KS,Trego,2207,21.6,19.5,430.365,PLACES 2025 release (2023 survey)
20197,KS,Wabaunsee,5423,21.5,20.1,1090.0230000000001,PLACES 2025 release (2023 survey)
20199,KS,Wallace,1087,22.3,20.4,221.748,PLACES 2025 release (2023 survey)
20201,KS,Washington,4139,21.3,19.6,811.244,PLACES 2025 release (2023 survey)
20203,KS,Wichita,1493,20.2,19.0,283.67,PLACES 2025 release (2023 survey)
20205,KS,Wilson,6388,23.0,21.3,1360.644,PLACES 2025 release (2023 survey)
20207,KS,Woodson,2491,22.7,20.7,515.637,PLACES 2025 release (2023 survey)
20209,KS,Wyandotte,120644,17.8,17.7,21353.987999999998,PLACES 2025 release (2023 survey)
22001,LA,Acadia,41929,31.4,30.6,12830.274,PLACES 2025 release (2023 survey)
22003,LA,Allen,17025,27.6,27.4,4664.849999999999,PLACES 2025 release (2023 survey)
22005,LA,Ascension,97316,27.2,26.9,26178.003999999997,PLACES 2025 release (2023 survey)
22007,LA,Assumption,16073,28.5,27.1,4355.783,PLACES 2025 release (2023 survey)
22009,LA,Avoyelles,29196,28.9,28.0,8174.880000000001,PLACES 2025 release (2023 survey)
22011,LA,Beauregard,27436,29.5,28.9,7929.003999999999,PLACES 2025 release (2023 survey)
22013,LA,Bienville,9519,28.7,26.9,2560.6109999999994,PLACES 2025 release (2023 survey)
22015,LA,Bossier,97847,27.2,26.8,26222.996000000003,PLACES 2025 release (2023 survey)
22017,LA,Caddo,173794,27.6,26.6,46229.204000000005,PLACES 2025 release (2023 survey)
22019,LA,Calcasieu,153336,28.1,27.5,42167.4,PLACES 2025 release (2023 survey)
22021,LA,Caldwell,7310,30.1,29.2,2134.52,PLACES 2025 release (2023 survey)
22023,LA,Cameron,3710,29.6,28.1,1042.51,PLACES 2025 release (2023 survey)
22025,LA,Catahoula,6589,27.7,26.9,1772.4409999999998,PLACES 2025 release (2023 survey)
22027,LA,Claiborne,11034,26.2,25.1,2769.534,PLACES 2025 release (2023 survey)
22029,LA,Concordia,13579,28.4,27.4,3720.6459999999997,PLACES 2025 release (2023 survey)
22031,LA,De Soto,20598,28.4,27.1,5582.058,PLACES 2025 release (2023 survey)
22033,LA,East Baton Rouge,347496,25.9,25.9,90001.464,PLACES 2025 release (2023 survey)
22035,LA,East Carroll,5465,25.0,24.9,1360.785,PLACES 2025 release (2023 survey)
22037,LA,East Feliciana,15872,25.3,24.5,3888.64,PLACES 2025 release (2023 survey)
22039,LA,Evangeline,23809,28.9,28.3,6737.947000000001,PLACES 2025 release (2023 survey)
22041,LA,Franklin,14407,29.4,28.1,4048.367,PLACES 2025 release (2023 survey)
22043,LA,Grant,17355,27.2,26.9,4668.494999999999,PLACES 2025 release (2023 survey)
22045,LA,Iberia,50684,28.6,27.9,14140.836,PLACES 2025 release (2023 survey)
22047,LA,Iberville,23427,25.9,25.2,5903.604,PLACES 2025 release (2023 survey)
22049,LA,Jackson,11654,27.9,26.5,3088.31,PLACES 2025 release (2023 survey)
22051,LA,Jefferson,328457,25.1,24.3,79815.05099999999,PLACES 2025 release (2023 survey)
22053,LA,Jefferson Davis,23598,29.3,28.4,6701.831999999999,PLACES 2025 release (2023 survey)
22055,LA,Lafayette,189467,26.2,25.9,49071.953,PLACES 2025 release (2023 survey)
22057,LA,Lafourche,73551,30.8,30.0,22065.3,PLACES 2025 release (2023 survey)
22059,LA,LaSalle,11610,27.2,27.0,3134.7000000000003,PLACES 2025 release (2023 survey)
22061,LA,Lincoln,38485,27.8,28.0,10775.800000000001,PLACES 2025 release (2023 survey)
22063,LA,Livingston,111845,29.9,29.6,33106.12,PLACES 2025 release (2023 survey)
22065,LA,Madison,6887,27.2,26.3,1811.2810000000002,PLACES 2025 release (2023 survey)
22067,LA,Morehouse,18408,27.7,26.7,4914.936000000001,PLACES 2025 release (2023 survey)
22069,LA,Natchitoches,28127,28.2,27.9,7847.432999999999,PLACES 2025 release (2023 survey)
22071,LA,Orleans,293146,27.4,26.7,78269.982,PLACES 2025 release (2023 survey)
22073,LA,Ouachita,119007,26.2,25.7,30584.799,PLACES 2025 release (2023 survey)
22075,LA,Plaquemines,16953,26.4,26.0,4407.78,PLACES 2025 release (2023 survey)
22077,LA,Pointe Coupee,15744,27.8,26.1,4109.184,PLACES 2025 release (2023 survey)
22079,LA,Rapides,94760,28.2,27.3,25869.480000000003,PLACES 2025 release (2023 survey)
22081,LA,Red River,5645,27.8,26.6,1501.5700000000002,PLACES 2025 release (2023 survey)
22083,LA,Richland,15026,28.4,27.4,4117.124,PLACES 2025 release (2023 survey)
22085,LA,Sabine,16848,29.6,28.0,4717.4400000000005,PLACES 2025 release (2023 survey)
22087,LA,St. Bernard,33008,28.1,27.9,9209.231999999998,PLACES 2025 release (2023 survey)
22089,LA,St. Charles,38554,26.1,25.5,9831.27,PLACES 2025 release (2023 survey)
22091,LA,St. Helena,8595,27.0,25.7,2208.915,PLACES 2025 release (2023 survey)
22093,LA,St. James,14995,25.7,24.5,3673.775,PLACES 2025 release (2023 survey)
22095,LA,St. John the Baptist,30134,24.6,24.0,7232.16,PLACES 2025 release (2023 survey)
22097,LA,St. Landry,59706,27.4,26.6,15881.796,PLACES 2025 release (2023 survey)
22099,LA,St. Martin,38941,29.4,28.5,11098.185,PLACES 2025 release (2023 survey)
22101,LA,St. Mary,35623,28.6,27.3,9725.079000000002,PLACES 2025 release (2023 survey)
22103,LA,St. Tammany,211037,26.2,25.2,53181.324,PLACES 2025 release (2023 survey)
22105,LA,Tangipahoa,104233,26.7,26.4,27517.512000000002,PLACES 2025 release (2023 survey)
22107,LA,Tensas,2991,27.1,24.6,735.7860000000001,PLACES 2025 release (2023 survey)
22109,LA,Terrebonne,77948,28.0,27.3,21279.804,PLACES 2025 release (2023 survey)
22111,LA,Union,16318,28.8,27.0,4405.860000000001,PLACES 2025 release (2023 survey)
22113,LA,Vermilion,42588,29.6,28.7,12222.756,PLACES 2025 release (2023 survey)
22115,LA,Vernon,34491,27.4,27.5,9485.025000000001,PLACES 2025 release (2023 survey)
22117,LA,Washington,34243,28.3,27.2,9314.096000000001,PLACES 2025 release (2023 survey)
22119,LA,Webster,27304,28.9,27.4,7481.295999999999,PLACES 2025 release (2023 survey)
22121,LA,West Baton Rouge,21373,25.9,25.5,5450.115,PLACES 2025 release (2023 survey)
22123,LA,West Carroll,7222,29.5,27.7,2000.4939999999997,PLACES 2025 release (2023 survey)
22125,LA,West Feliciana,12848,22.5,21.8,2800.864,PLACES 2025 release (2023 survey)
22127,LA,Winn,10424,27.2,26.4,2751.936,PLACES 2025 release (2023 survey)
23001,ME,Androscoggin,90589,30.8,29.7,26904.932999999997,PLACES 2025 release (2023 survey)
23003,ME,Aroostook,54697,27.9,25.6,14002.432,PLACES 2025 release (2023 survey)
23005,ME,Cumberland,255110,26.7,25.6,65308.16,PLACES 2025 release (2023 survey)
23007,ME,Franklin,25609,30.1,28.3,7247.347000000001,PLACES 2025 release (2023 survey)
23009,ME,Hancock,47589,27.7,25.5,12135.195,PLACES 2025 release (2023 survey)
23011,ME,Kennebec,103608,29.6,28.2,29217.456,PLACES 2025 release (2023 survey)
23013,ME,Knox,34148,27.7,25.4,8673.592,PLACES 2025 release (2023 survey)
23015,ME,Lincoln,30624,29.3,26.5,8115.360000000001,PLACES 2025 release (2023 survey)
23017,ME,Oxford,49429,28.2,26.3,12999.827000000001,PLACES 2025 release (2023 survey)
23019,ME,Penobscot,128236,29.9,28.8,36931.968,PLACES 2025 release (2023 survey)
23021,ME,Piscataquis,14518,28.8,26.2,3803.7160000000003,PLACES 2025 release (2023 survey)
23023,ME,Sagadahoc,30865,29.2,27.1,8364.415,PLACES 2025 release (2023 survey)
23025,ME,Somerset,41911,30.8,28.8,12070.368000000002,PLACES 2025 release (2023 survey)
23027,ME,Waldo,33502,30.4,28.2,9447.563999999998,PLACES 2025 release (2023 survey)
23029,ME,Washington,25717,29.1,26.7,6866.439,PLACES 2025 release (2023 survey)
23031,ME,York,180518,26.8,25.4,45851.572,PLACES 2025 release (2023 survey)
24001,MD,Allegany,55228,26.6,25.7,14193.596,PLACES 2025 release (2023 survey)
24003,MD,Anne Arundel,461032,20.4,19.9,91745.36799999999,PLACES 2025 release (2023 survey)
24005,MD,Baltimore,661546,21.4,20.7,136940.022,PLACES 2025 release (2023 survey)
24009,MD,Calvert,72945,20.5,19.7,14370.164999999999,PLACES 2025 release (2023 survey)
24011,MD,Caroline,25618,25.1,24.2,6199.556,PLACES 2025 release (2023 survey)
24013,MD,Carroll,137462,23.5,22.5,30928.95,PLACES 2025 release (2023 survey)
24015,MD,Cecil,82332,24.0,23.2,19101.023999999998,PLACES 2025 release (2023 survey)
24017,MD,Charles,131229,17.9,17.5,22965.074999999997,PLACES 2025 release (2023 survey)
24019,MD,Dorchester,26096,21.6,20.2,5271.392,PLACES 2025 release (2023 survey)
24021,MD,Frederick,224828,21.0,20.5,46089.74,PLACES 2025 release (2023 survey)
24023,MD,Garrett,23480,22.7,21.0,4930.8,PLACES 2025 release (2023 survey)
24025,MD,Harford,206050,22.4,21.6,44506.8,PLACES 2025 release (2023 survey)
24027,MD,Howard,256944,18.2,17.7,45479.087999999996,PLACES 2025 release (2023 survey)
24029,MD,Kent,16393,24.0,22.1,3622.853,PLACES 2025 release (2023 survey)
24031,MD,Montgomery,819715,17.7,17.0,139351.55000000002,PLACES 2025 release (2023 survey)
24033,MD,Prince George's,740721,15.1,14.8,109626.70800000001,PLACES 2025 release (2023 survey)
24035,MD,Queen Anne's,41602,23.9,22.4,9318.847999999998,PLACES 2025 release (2023 survey)
24037,MD,St. Mary's,87752,21.5,21.2,18603.424,PLACES 2025 release (2023 survey)
24039,MD,Somerset,20561,21.1,20.9,4297.249,PLACES 2025 release (2023 survey)
24041,MD,Talbot,30897,22.8,20.5,6333.884999999999,PLACES 2025 release (2023 survey)
24043,MD,Washington,122221,23.7,22.9,27988.608999999997,PLACES 2025 release (2023 survey)
24045,MD,Wicomico,81312,22.0,21.7,17644.704,PLACES 2025 release (2023 survey)
24047,MD,Worcester,44887,22.6,20.4,9156.948,PLACES 2025 release (2023 survey)
24510,MD,Baltimore,447486,23.6,23.5,105159.20999999999,PLACES 2025 release (2023 survey)
25001,MA,Barnstable,199941,25.3,22.5,44986.725,PLACES 2025 release (2023 survey)
25003,MA,Berkshire,106721,27.0,25.1,26786.971,PLACES 2025 release (2023 survey)
25005,MA,Bristol,463617,24.5,23.8,110340.846,PLACES 2025 release (2023 survey)
25007,MA,Dukes,17186,25.7,23.4,4021.524,PLACES 2025 release (2023 survey)
25009,MA,Essex,642879,23.0,22.3,143362.017,PLACES 2025 release (2023 survey)
25011,MA,Franklin,59245,27.1,25.4,15048.23,PLACES 2025 release (2023 survey)
25013,MA,Hampden,365283,27.5,26.8,97895.84400000001,PLACES 2025 release (2023 survey)
25015,MA,Hampshire,139946,27.8,27.4,38345.204,PLACES 2025 release (2023 survey)
25017,MA,Middlesex,1310019,24.1,23.7,310474.50299999997,PLACES 2025 release (2023 survey)
25019,MA,Nantucket,11509,22.7,22.0,2531.98,PLACES 2025 release (2023 survey)
25021,MA,Norfolk,580073,22.6,21.9,127035.98699999998,PLACES 2025 release (2023 survey)
25023,MA,Plymouth,426137,24.9,23.8,101420.60600000001,PLACES 2025 release (2023 survey)
25025,MA,Suffolk,646638,22.5,23.2,150020.016,PLACES 2025 release (2023 survey)
25027,MA,Worcester,690404,26.2,25.6,176743.424,PLACES 2025 release (2023 survey)
26001,MI,Alcona,9146,29.3,25.3,2313.938,PLACES 2025 release (2023 survey)
26003,MI,Alger,7484,26.2,24.7,1848.548,PLACES 2025 release (2023 survey)
26005,MI,Allegan,93939,26.9,25.8,24236.262000000002,PLACES 2025 release (2023 survey)
26007,MI,Alpena,23463,30.2,27.9,6546.177,PLACES 2025 release (2023 survey)
26009,MI,Antrim,20323,27.8,25.2,5121.396,PLACES 2025 release (2023 survey)
26011,MI,Arenac,12334,29.7,27.1,3342.514,PLACES 2025 release (2023 survey)
26013,MI,Baraga,6876,27.6,26.5,1822.14,PLACES 2025 release (2023 survey)
26015,MI,Barry,50005,27.6,26.2,13101.310000000001,PLACES 2025 release (2023 survey)
26017,MI,Bay,82758,28.4,26.9,22261.902,PLACES 2025 release (2023 survey)
26019,MI,Benzie,15317,28.4,25.7,3936.469,PLACES 2025 release (2023 survey)
26021,MI,Berrien,120080,27.1,25.7,30860.56,PLACES 2025 release (2023 survey)
26023,MI,Branch,34668,28.7,27.5,9533.7,PLACES 2025 release (2023 survey)
26025,MI,Calhoun,102982,27.9,26.9,27702.157999999996,PLACES 2025 release (2023 survey)
26027,MI,Cass,41306,28.6,26.9,11111.313999999998,PLACES 2025 release (2023 survey)
26029,MI,Charlevoix,21621,27.1,24.7,5340.387,PLACES 2025 release (2023 survey)
26031,MI,Cheboygan,22070,29.3,26.7,5892.6900000000005,PLACES 2025 release (2023 survey)
26033,MI,Chippewa,29773,27.4,26.8,7979.164000000001,PLACES 2025 release (2023 survey)
26035,MI,Clare,25226,30.4,28.1,7088.506,PLACES 2025 release (2023 survey)
26037,MI,Clinton,62943,28.1,27.0,16994.61,PLACES 2025 release (2023 survey)
26039,MI,Crawford,11172,30.2,27.5,3072.3,PLACES 2025 release (2023 survey)
26041,MI,Delta,29801,30.6,28.1,8374.081,PLACES 2025 release (2023 survey)
26043,MI,Dickinson,20842,29.7,27.5,5731.55,PLACES 2025 release (2023 survey)
26045,MI,Eaton,86607,27.9,26.8,23210.676000000003,PLACES 2025 release (2023 survey)
26047,MI,Emmet,28041,27.2,25.3,7094.3730000000005,PLACES 2025 release (2023 survey)
26049,MI,Genesee,313303,28.3,27.2,85218.41600000001,PLACES 2025 release (2023 survey)
26051,MI,Gladwin,20920,29.6,26.9,5627.48,PLACES 2025 release (2023 survey)
26053,MI,Gogebic,11925,29.0,26.2,3124.35,PLACES 2025 release (2023 survey)
26055,MI,Grand Traverse,77995,27.0,25.5,19888.725,PLACES 2025 release (2023 survey)
26057,MI,Gratiot,33395,27.3,26.9,8983.255,PLACES 2025 release (2023 survey)
26059,MI,Hillsdale,35783,31.0,29.3,10484.419,PLACES 2025 release (2023 survey)
26061,MI,Houghton,30241,27.0,26.3,7953.383000000001,PLACES 2025 release (2023 survey)
26063,MI,Huron,25092,29.0,26.5,6649.38,PLACES 2025 release (2023 survey)
26065,MI,Ingham,229779,26.9,27.2,62499.888000000006,PLACES 2025 release (2023 survey)
26067,MI,Ionia,52509,27.1,26.8,14072.412,PLACES 2025 release (2023 survey)
26069,MI,Iosco,21051,30.0,27.0,5683.77,PLACES 2025 release (2023 survey)
26071,MI,Iron,9748,28.9,25.6,2495.488,PLACES 2025 release (2023 survey)
26073,MI,Isabella,52691,29.8,30.5,16070.755,PLACES 2025 release (2023 survey)
26075,MI,Jackson,126422,28.0,27.0,34133.94,PLACES 2025 release (2023 survey)
26077,MI,Kalamazoo,206827,29.1,28.9,59773.003,PLACES 2025 release (2023 survey)
26079,MI,Kalkaska,14833,29.5,27.8,4123.5740000000005,PLACES 2025 release (2023 survey)
26081,MI,Kent,507844,27.7,27.5,139657.1,PLACES 2025 release (2023 survey)
26083,MI,Keweenaw,1839,28.1,24.4,448.716,PLACES 2025 release (2023 survey)
26085,MI,Lake,10887,28.1,26.4,2874.168,PLACES 2025 release (2023 survey)
26087,MI,Lapeer,71497,27.5,26.2,18732.214,PLACES 2025 release (2023 survey)
26089,MI,Leelanau,19453,26.6,23.6,4590.908,PLACES 2025 release (2023 survey)
26091,MI,Lenawee,77713,29.0,27.7,21526.500999999997,PLACES 2025 release (2023 survey)
26093,MI,Livingston,157470,26.6,25.3,39839.91,PLACES 2025 release (2023 survey)
26095,MI,Luce,5396,25.5,24.6,1327.4160000000002,PLACES 2025 release (2023 survey)
26097,MI,Mackinac,9233,28.5,25.9,2391.347,PLACES 2025 release (2023 survey)
26099,MI,Macomb,695938,26.9,26.0,180943.88,PLACES 2025 release (2023 survey)
26101,MI,Manistee,21306,28.3,26.2,5582.1720000000005,PLACES 2025 release (2023 survey)
26103,MI,Marquette,55244,28.6,27.8,15357.832000000002,PLACES 2025 release (2023 survey)
26105,MI,Mason,23606,28.7,26.5,6255.59,PLACES 2025 release (2023 survey)
26107,MI,Mecosta,33152,30.1,28.9,9580.928,PLACES 2025 release (2023 survey)
26109,MI,Menominee,19083,29.8,27.3,5209.659000000001,PLACES 2025 release (2023 survey)
26111,MI,Midland,66530,27.2,25.9,17231.27,PLACES 2025 release (2023 survey)
26113,MI,Missaukee,11930,29.4,27.6,3292.6800000000003,PLACES 2025 release (2023 survey)
26115,MI,Monroe,123173,28.0,26.7,32887.191,PLACES 2025 release (2023 survey)
26117,MI,Montcalm,54137,28.0,27.2,14725.264000000001,PLACES 2025 release (2023 survey)
26119,MI,Montmorency,8165,29.9,26.4,2155.56,PLACES 2025 release (2023 survey)
26121,MI,Muskegon,137270,28.5,27.6,37886.520000000004,PLACES 2025 release (2023 survey)
26123,MI,Newaygo,40085,28.4,26.9,10782.864999999998,PLACES 2025 release (2023 survey)
26125,MI,Oakland,1015769,21.5,20.8,211279.95200000002,PLACES 2025 release (2023 survey)
26127,MI,Oceana,21345,27.9,26.4,5635.08,PLACES 2025 release (2023 survey)
26129,MI,Ogemaw,17270,30.1,27.5,4749.25,PLACES 2025 release (2023 survey)
26131,MI,Ontonagon,5167,29.3,25.2,1302.084,PLACES 2025 release (2023 survey)
26133,MI,Osceola,18218,29.6,27.6,5028.168000000001,PLACES 2025 release (2023 survey)
26135,MI,Oscoda,6848,30.2,27.2,1862.6560000000002,PLACES 2025 release (2023 survey)
26137,MI,Otsego,20430,29.0,27.3,5577.39,PLACES 2025 release (2023 survey)
26139,MI,Ottawa,234628,27.0,26.5,62176.420000000006,PLACES 2025 release (2023 survey)
26141,MI,Presque Isle,11288,29.9,26.3,2968.744,PLACES 2025 release (2023 survey)
26143,MI,Roscommon,20479,29.4,26.0,5324.54,PLACES 2025 release (2023 survey)
26145,MI,Saginaw,147908,27.6,26.5,39195.62,PLACES 2025 release (2023 survey)
26147,MI,St. Clair,127824,28.9,27.5,35151.600000000006,PLACES 2025 release (2023 survey)
26149,MI,St. Joseph,46399,28.7,27.5,12759.725,PLACES 2025 release (2023 survey)
26151,MI,Sanilac,32004,29.6,27.6,8833.104000000001,PLACES 2025 release (2023 survey)
26153,MI,Schoolcraft,6684,29.5,26.6,1777.9440000000002,PLACES 2025 release (2023 survey)
26155,MI,Shiawassee,54057,29.6,28.3,15298.131000000001,PLACES 2025 release (2023 survey)
26157,MI,Tuscola,42309,29.1,27.4,11592.666,PLACES 2025 release (2023 survey)
26159,MI,Van Buren,58504,28.6,27.4,16030.095999999998,PLACES 2025 release (2023 survey)
26161,MI,Washtenaw,299903,26.7,26.7,80074.10100000001,PLACES 2025 release (2023 survey)
26163,MI,Wayne,1339690,24.9,24.3,325544.67,PLACES 2025 release (2023 survey)
26165,MI,Wexford,26384,29.5,27.9,7361.1359999999995,PLACES 2025 release (2023 survey)
27001,MN,Aitkin,13701,26.8,23.2,3178.6319999999996,PLACES 2025 release (2023 survey)
27003,MN,Anoka,284448,25.1,24.6,69974.20800000001,PLACES 2025 release (2023 survey)
27005,MN,Becker,27215,25.8,23.9,6504.384999999999,PLACES 2025 release (2023 survey)
27007,MN,Beltrami,35293,27.5,26.9,9493.817,PLACES 2025 release (2023 survey)
27009,MN,Benton,31235,26.1,25.7,8027.395,PLACES 2025 release (2023 survey)
27011,MN,Big Stone,3985,24.8,22.2,884.67,PLACES 2025 release (2023 survey)
27013,MN,Blue Earth,56268,26.3,26.6,14967.288,PLACES 2025 release (2023 survey)
27015,MN,Brown,19942,25.1,23.6,4706.312,PLACES 2025 release (2023 survey)
27017,MN,Carlton,28845,27.5,26.5,7643.925,PLACES 2025 release (2023 survey)
27019,MN,Carver,83547,23.5,22.9,19132.263,PLACES 2025 release (2023 survey)
27021,MN,Cass,25212,25.4,23.0,5798.76,PLACES 2025 release (2023 survey)
27023,MN,Chippewa,9114,25.6,24.0,2187.36,PLACES 2025 release (2023 survey)
27025,MN,Chisago,45564,25.0,24.1,10980.924,PLACES 2025 release (2023 survey)
27027,MN,Clay,50084,25.9,26.0,13021.84,PLACES 2025 release (2023 survey)
27029,MN,Clearwater,6482,26.5,24.8,1607.536,PLACES 2025 release (2023 survey)
27031,MN,Cook,4830,24.9,22.4,1081.9199999999998,PLACES 2025 release (2023 survey)
27033,MN,Cottonwood,8460,25.1,23.4,1979.6399999999999,PLACES 2025 release (2023 survey)
27035,MN,Crow Wing,54545,24.8,22.8,12436.26,PLACES 2025 release (2023 survey)
27037,MN,Dakota,341048,23.5,22.9,78099.992,PLACES 2025 release (2023 survey)
27039,MN,Dodge,15823,24.9,24.1,3813.3430000000003,PLACES 2025 release (2023 survey)
27041,MN,Douglas,31487,26.4,24.4,7682.8279999999995,PLACES 2025 release (2023 survey)
27043,MN,Faribault,10857,25.5,23.7,2573.109,PLACES 2025 release (2023 survey)
27045,MN,Fillmore,16319,25.6,23.7,3867.6029999999996,PLACES 2025 release (2023 survey)
27047,MN,Freeborn,23904,24.1,22.6,5402.304,PLACES 2025 release (2023 survey)
27049,MN,Goodhue,37607,24.4,23.1,8687.217,PLACES 2025 release (2023 survey)
27051,MN,Grant,4712,26.7,24.7,1163.864,PLACES 2025 release (2023 survey)
27053,MN,Hennepin,989486,25.8,25.5,252318.93,PLACES 2025 release (2023 survey)
27055,MN,Houston,14697,24.5,22.6,3321.522,PLACES 2025 release (2023 survey)
27057,MN,Hubbard,17563,24.4,22.0,3863.86,PLACES 2025 release (2023 survey)
27059,MN,Isanti,33233,25.4,24.5,8142.085,PLACES 2025 release (2023 survey)
27061,MN,Itasca,36288,26.0,23.8,8636.544,PLACES 2025 release (2023 survey)
27063,MN,Jackson,7831,24.5,22.6,1769.806,PLACES 2025 release (2023 survey)
27065,MN,Kanabec,13036,26.7,25.1,3272.036,PLACES 2025 release (2023 survey)
27067,MN,Kandiyohi,33278,24.4,23.2,7720.495999999999,PLACES 2025 release (2023 survey)
27069,MN,Kittson,3182,25.6,23.1,735.042,PLACES 2025 release (2023 survey)
27071,MN,Koochiching,9706,25.9,23.4,2271.2039999999997,PLACES 2025 release (2023 survey)
27073,MN,Lac qui Parle,5192,24.9,22.3,1157.816,PLACES 2025 release (2023 survey)
27075,MN,Lake,8819,25.5,22.9,2019.551,PLACES 2025 release (2023 survey)
27077,MN,Lake of the Woods,3059,25.1,22.8,697.452,PLACES 2025 release (2023 survey)
27079,MN,Le Sueur,22562,24.7,23.5,5302.07,PLACES 2025 release (2023 survey)
27081,MN,Lincoln,4227,25.2,23.1,976.437,PLACES 2025 release (2023 survey)
27083,MN,Lyon,18733,23.7,22.8,4271.124,PLACES 2025 release (2023 survey)
27085,MN,McLeod,28829,24.6,23.3,6717.157,PLACES 2025 release (2023 survey)
27087,MN,Mahnomen,3646,27.9,26.6,969.836,PLACES 2025 release (2023 survey)
27089,MN,Marshall,6782,25.3,23.3,1580.2060000000001,PLACES 2025 release (2023 survey)
27091,MN,Martin,15122,25.0,23.0,3478.06,PLACES 2025 release (2023 survey)
27093,MN,Meeker,17928,25.4,23.8,4266.8640000000005,PLACES 2025 release (2023 survey)
27095,MN,Mille Lacs,21090,26.0,24.8,5230.32,PLACES 2025 release (2023 survey)
27097,MN,Morrison,26469,25.9,24.2,6405.498,PLACES 2025 release (2023 survey)
27099,MN,Mower,30015,25.2,24.3,7293.6449999999995,PLACES 2025 release (2023 survey)
27101,MN,Murray,6312,26.1,23.7,1495.944,PLACES 2025 release (2023 survey)
27103,MN,Nicollet,27053,25.5,24.8,6709.144,PLACES 2025 release (2023 survey)
27105,MN,Nobles,15454,22.1,21.4,3307.156,PLACES 2025 release (2023 survey)
27107,MN,Norman,4857,25.6,23.9,1160.8229999999999,PLACES 2025 release (2023 survey)
27109,MN,Olmsted,125821,24.7,24.1,30322.861,PLACES 2025 release (2023 survey)
27111,MN,Otter Tail,47492,25.4,23.2,11018.143999999998,PLACES 2025 release (2023 survey)
27113,MN,Pennington,10676,26.0,24.9,2658.324,PLACES 2025 release (2023 survey)
27115,MN,Pine,24419,26.4,24.9,6080.331,PLACES 2025 release (2023 survey)
27117,MN,Pipestone,6729,25.8,24.2,1628.418,PLACES 2025 release (2023 survey)
27119,MN,Polk,23008,25.7,24.5,5636.96,PLACES 2025 release (2023 survey)
27121,MN,Pope,8902,25.7,23.5,2091.97,PLACES 2025 release (2023 survey)
27123,MN,Ramsey,413891,25.9,25.7,106369.98700000001,PLACES 2025 release (2023 survey)
27125,MN,Red Lake,2973,25.8,23.9,710.547,PLACES 2025 release (2023 survey)
27127,MN,Redwood,11470,25.4,23.7,2718.39,PLACES 2025 release (2023 survey)
27129,MN,Renville,11042,24.7,23.2,2561.7439999999997,PLACES 2025 release (2023 survey)
27131,MN,Rice,53679,23.3,23.0,12346.17,PLACES 2025 release (2023 survey)
27133,MN,Rock,7310,25.5,24.1,1761.71,PLACES 2025 release (2023 survey)
27135,MN,Roseau,11622,24.6,23.1,2684.6820000000002,PLACES 2025 release (2023 survey)
27137,MN,St. Louis,163794,26.1,25.0,40948.5,PLACES 2025 release (2023 survey)
27139,MN,Scott,116237,22.6,22.3,25920.851,PLACES 2025 release (2023 survey)
27141,MN,Sherburne,75976,24.2,24.1,18310.216,PLACES 2025 release (2023 survey)
27143,MN,Sibley,11635,24.7,23.4,2722.5899999999997,PLACES 2025 release (2023 survey)
27145,MN,Stearns,123090,25.5,25.1,30895.59,PLACES 2025 release (2023 survey)
27147,MN,Steele,28437,24.2,23.1,6568.947,PLACES 2025 release (2023 survey)
27149,MN,Stevens,7542,24.7,24.6,1855.332,PLACES 2025 release (2023 survey)
27151,MN,Swift,7508,26.7,24.7,1854.4759999999999,PLACES 2025 release (2023 survey)
27153,MN,Todd,19382,26.0,24.1,4671.062000000001,PLACES 2025 release (2023 survey)
27155,MN,Traverse,2467,25.4,23.2,572.3439999999999,PLACES 2025 release (2023 survey)
27157,MN,Wabasha,16964,24.4,22.4,3799.9359999999997,PLACES 2025 release (2023 survey)
27159,MN,Wadena,10464,26.8,25.3,2647.392,PLACES 2025 release (2023 survey)
27161,MN,Waseca,14718,25.7,24.6,3620.628,PLACES 2025 release (2023 survey)
27163,MN,Washington,212815,23.5,22.8,48521.82,PLACES 2025 release (2023 survey)
27165,MN,Watonwan,8140,23.6,22.3,1815.22,PLACES 2025 release (2023 survey)
27167,MN,Wilkin,4874,26.2,24.7,1203.878,PLACES 2025 release (2023 survey)
27169,MN,Winona,41197,25.5,25.0,10299.25,PLACES 2025 release (2023 survey)
27171,MN,Wright,110472,24.8,24.4,26955.167999999998,PLACES 2025 release (2023 survey)
27173,MN,Yellow Medicine,7259,26.0,24.4,1771.196,PLACES 2025 release (2023 survey)
28001,MS,Adams,22919,18.2,17.4,3987.906,PLACES 2025 release (2023 survey)
28003,MS,Alcorn,26535,22.9,21.9,5811.164999999999,PLACES 2025 release (2023 survey)
28005,MS,Amite,9961,20.9,19.0,1892.59,PLACES 2025 release (2023 survey)
28007,MS,Attala,13015,19.9,18.8,2446.82,PLACES 2025 release (2023 survey)
28009,MS,Benton,5911,20.5,19.4,1146.734,PLACES 2025 release (2023 survey)
28011,MS,Bolivar,21837,19.5,18.9,4127.192999999999,PLACES 2025 release (2023 survey)
28013,MS,Calhoun,9911,21.2,20.0,1982.2,PLACES 2025 release (2023 survey)
28015,MS,Carroll,7933,20.1,18.6,1475.5380000000002,PLACES 2025 release (2023 survey)
28017,MS,Chickasaw,12706,19.9,19.1,2426.846,PLACES 2025 release (2023 survey)
28019,MS,Choctaw,6352,20.8,19.2,1219.584,PLACES 2025 release (2023 survey)
28021,MS,Claiborne,6742,17.8,17.5,1179.85,PLACES 2025 release (2023 survey)
28023,MS,Clarke,11869,21.6,20.2,2397.538,PLACES 2025 release (2023 survey)
28025,MS,Clay,14127,18.9,18.1,2556.9870000000005,PLACES 2025 release (2023 survey)
28027,MS,Coahoma,14632,18.4,17.9,2619.1279999999997,PLACES 2025 release (2023 survey)
28029,MS,Copiah,21515,19.7,18.9,4066.3349999999996,PLACES 2025 release (2023 survey)
28031,MS,Covington,13606,19.9,19.2,2612.352,PLACES 2025 release (2023 survey)
28033,MS,DeSoto,145706,19.9,19.7,28704.082,PLACES 2025 release (2023 survey)
28035,MS,Forrest,60424,20.6,20.8,12568.192000000001,PLACES 2025 release (2023 survey)
28037,MS,Franklin,5846,20.9,19.6,1145.816,PLACES 2025 release (2023 survey)
28039,MS,George,18726,21.9,21.6,4044.8160000000003,PLACES 2025 release (2023 survey)
28041,MS,Greene,11108,20.0,19.8,2199.384,PLACES 2025 release (2023 survey)
28043,MS,Grenada,15948,20.1,19.2,3062.016,PLACES 2025 release (2023 survey)
28045,MS,Hancock,37467,21.1,19.7,7380.998999999999,PLACES 2025 release (2023 survey)
28047,MS,Harrison,161589,21.6,21.1,34095.279,PLACES 2025 release (2023 survey)
28049,MS,Hinds,165112,17.6,17.3,28564.376000000004,PLACES 2025 release (2023 survey)
28051,MS,Holmes,11936,18.3,17.9,2136.544,PLACES 2025 release (2023 survey)
28053,MS,Humphreys,5419,19.5,18.6,1007.9340000000002,PLACES 2025 release (2023 survey)
28055,MS,Issaquena,1128,17.1,16.8,189.50400000000002,PLACES 2025 release (2023 survey)
28057,MS,Itawamba,18967,21.8,21.1,4002.0370000000003,PLACES 2025 release (2023 survey)
28059,MS,Jackson,113275,20.4,19.7,22315.175,PLACES 2025 release (2023 survey)
28061,MS,Jasper,12328,19.3,18.1,2231.3680000000004,PLACES 2025 release (2023 survey)
28063,MS,Jefferson,5423,17.3,16.5,894.7950000000001,PLACES 2025 release (2023 survey)
28065,MS,Jefferson Davis,8785,19.3,17.8,1563.7300000000002,PLACES 2025 release (2023 survey)
28067,MS,Jones,49715,20.7,19.9,9893.285,PLACES 2025 release (2023 survey)
28069,MS,Kemper,7073,18.2,17.3,1223.6290000000001,PLACES 2025 release (2023 survey)
28071,MS,Lafayette,47706,20.0,20.5,9779.73,PLACES 2025 release (2023 survey)
28073,MS,Lamar,50292,21.7,21.3,10712.196,PLACES 2025 release (2023 survey)
28075,MS,Lauderdale,54144,19.6,18.8,10179.072,PLACES 2025 release (2023 survey)
28077,MS,Lawrence,8893,21.8,20.6,1831.958,PLACES 2025 release (2023 survey)
28079,MS,Leake,16198,19.9,19.2,3110.016,PLACES 2025 release (2023 survey)
28081,MS,Lee,62227,20.5,20.1,12507.627,PLACES 2025 release (2023 survey)
28083,MS,Leflore,19118,18.0,17.6,3364.7680000000005,PLACES 2025 release (2023 survey)
28085,MS,Lincoln,26720,20.6,19.8,5290.56,PLACES 2025 release (2023 survey)
28087,MS,Lowndes,43676,19.5,19.0,8298.44,PLACES 2025 release (2023 survey)
28089,MS,Madison,85633,18.2,17.7,15157.041,PLACES 2025 release (2023 survey)
28091,MS,Marion,18622,21.3,20.4,3798.888,PLACES 2025 release (2023 survey)
28093,MS,Marshall,27051,20.1,19.4,5247.893999999999,PLACES 2025 release (2023 survey)
28095,MS,Monroe,26102,20.9,19.8,5168.196,PLACES 2025 release (2023 survey)
28097,MS,Montgomery,7441,20.0,18.7,1391.467,PLACES 2025 release (2023 survey)
28099,MS,Neshoba,20927,22.0,21.3,4457.451,PLACES 2025 release (2023 survey)
28101,MS,Newton,15910,20.9,20.3,3229.73,PLACES 2025 release (2023 survey)
28103,MS,Noxubee,7406,18.7,17.9,1325.674,PLACES 2025 release (2023 survey)
28105,MS,Oktibbeha,42382,19.0,20.1,8518.782000000001,PLACES 2025 release (2023 survey)
28107,MS,Panola,24732,20.8,20.1,4971.1320000000005,PLACES 2025 release (2023 survey)
28109,MS,Pearl River,44780,22.1,21.1,9448.580000000002,PLACES 2025 release (2023 survey)
28111,MS,Perry,8819,22.2,21.1,1860.8090000000002,PLACES 2025 release (2023 survey)
28113,MS,Pike,29430,20.0,19.3,5679.99,PLACES 2025 release (2023 survey)
28115,MS,Pontotoc,23394,21.3,20.9,4889.346,PLACES 2025 release (2023 survey)
28117,MS,Prentiss,19567,22.3,21.6,4226.472000000001,PLACES 2025 release (2023 survey)
28119,MS,Quitman,4262,19.1,18.5,788.47,PLACES 2025 release (2023 survey)
28121,MS,Rankin,124962,19.8,19.3,24117.666,PLACES 2025 release (2023 survey)
28123,MS,Scott,19774,20.6,20.0,3954.8,PLACES 2025 release (2023 survey)
28125,MS,Sharkey,2528,18.8,17.6,444.92800000000005,PLACES 2025 release (2023 survey)
28127,MS,Simpson,19707,20.6,19.7,3882.2789999999995,PLACES 2025 release (2023 survey)
28129,MS,Smith,10861,22.2,20.9,2269.949,PLACES 2025 release (2023 survey)
28131,MS,Stone,14785,21.6,20.9,3090.065,PLACES 2025 release (2023 survey)
28133,MS,Sunflower,19260,17.2,17.1,3293.46,PLACES 2025 release (2023 survey)
28135,MS,Tallahatchie,9494,18.8,18.5,1756.3899999999999,PLACES 2025 release (2023 survey)
28137,MS,Tate,22008,20.5,20.0,4401.6,PLACES 2025 release (2023 survey)
28139,MS,Tippah,16342,22.1,21.3,3480.846,PLACES 2025 release (2023 survey)
28141,MS,Tishomingo,14543,23.5,22.2,3228.546,PLACES 2025 release (2023 survey)
28143,MS,Tunica,6698,18.7,18.6,1245.8280000000002,PLACES 2025 release (2023 survey)
28145,MS,Union,21239,22.0,21.4,4545.146,PLACES 2025 release (2023 survey)
28147,MS,Walthall,10730,20.3,19.2,2060.16,PLACES 2025 release (2023 survey)
28149,MS,Warren,32439,19.1,18.3,5936.3369999999995,PLACES 2025 release (2023 survey)
28151,MS,Washington,31186,17.7,16.9,5270.433999999999,PLACES 2025 release (2023 survey)
28153,MS,Wayne,14753,20.6,19.7,2906.341,PLACES 2025 release (2023 survey)
28155,MS,Webster,7562,21.1,20.2,1527.524,PLACES 2025 release (2023 survey)
28157,MS,Wilkinson,6454,17.5,17.0,1097.18,PLACES 2025 release (2023 survey)
28159,MS,Winston,13573,19.8,18.7,2538.151,PLACES 2025 release (2023 survey)
28161,MS,Yalobusha,9781,20.7,19.5,1907.295,PLACES 2025 release (2023 survey)
28163,MS,Yazoo,20207,18.7,18.6,3758.5020000000004,PLACES 2025 release (2023 survey)
29001,MO,Adair,20545,27.2,27.6,5670.42,PLACES 2025 release (2023 survey)
29003,MO,Andrew,14052,25.0,23.6,3316.2720000000004,PLACES 2025 release (2023 survey)
29005,MO,Atchison,4077,27.0,24.7,1007.019,PLACES 2025 release (2023 survey)
29007,MO,Audrain,18823,27.1,25.9,4875.157,PLACES 2025 release (2023 survey)
29009,MO,Barry,27271,26.0,24.5,6681.3949999999995,PLACES 2025 release (2023 survey)
29011,MO,Barton,8988,27.1,25.6,2300.928,PLACES 2025 release (2023 survey)
29013,MO,Bates,12485,27.6,26.2,3271.07,PLACES 2025 release (2023 survey)
29015,MO,Benton,16999,27.3,24.1,4096.759,PLACES 2025 release (2023 survey)
29017,MO,Bollinger,8227,27.6,25.9,2130.793,PLACES 2025 release (2023 survey)
29019,MO,Boone,151585,23.7,24.1,36531.985,PLACES 2025 release (2023 survey)
29021,MO,Buchanan,64505,25.5,24.8,15997.24,PLACES 2025 release (2023 survey)
29023,MO,Butler,32109,28.7,27.4,8797.865999999998,PLACES 2025 release (2023 survey)
29025,MO,Caldwell,6849,26.3,24.9,1705.401,PLACES 2025 release (2023 survey)
29027,MO,Callaway,35515,25.5,24.7,8772.205,PLACES 2025 release (2023 survey)
29029,MO,Camden,36598,25.8,23.0,8417.54,PLACES 2025 release (2023 survey)
29031,MO,Cape Girardeau,65388,25.1,24.5,16020.06,PLACES 2025 release (2023 survey)
29033,MO,Carroll,6542,26.7,24.9,1628.958,PLACES 2025 release (2023 survey)
29035,MO,Carter,4026,28.3,26.6,1070.9160000000002,PLACES 2025 release (2023 survey)
29037,MO,Cass,85880,24.9,23.9,20525.32,PLACES 2025 release (2023 survey)
29039,MO,Cedar,11098,27.3,25.2,2796.696,PLACES 2025 release (2023 survey)
29041,MO,Chariton,5676,26.0,23.7,1345.212,PLACES 2025 release (2023 survey)
29043,MO,Christian,70802,25.5,24.7,17488.094,PLACES 2025 release (2023 survey)
29045,MO,Clark,5096,27.2,25.4,1294.384,PLACES 2025 release (2023 survey)
29047,MO,Clay,199234,23.8,23.4,46620.755999999994,PLACES 2025 release (2023 survey)
29049,MO,Clinton,16643,26.2,24.9,4144.107,PLACES 2025 release (2023 survey)
29051,MO,Cole,60406,23.9,23.2,14014.192,PLACES 2025 release (2023 survey)
29053,MO,Cooper,13165,25.1,24.0,3159.6,PLACES 2025 release (2023 survey)
29055,MO,Crawford,17715,27.3,25.7,4552.755,PLACES 2025 release (2023 survey)
29057,MO,Dade,6133,27.5,25.3,1551.6490000000001,PLACES 2025 release (2023 survey)
29059,MO,Dallas,13540,27.5,26.0,3520.4,PLACES 2025 release (2023 survey)
29061,MO,Daviess,6434,27.4,25.7,1653.538,PLACES 2025 release (2023 survey)
29063,MO,DeKalb,7741,24.6,23.3,1803.653,PLACES 2025 release (2023 survey)
29065,MO,Dent,11351,26.2,24.4,2769.644,PLACES 2025 release (2023 survey)
29067,MO,Douglas,9333,27.4,25.3,2361.2490000000003,PLACES 2025 release (2023 survey)
29069,MO,Dunklin,20004,27.8,26.6,5321.064,PLACES 2025 release (2023 survey)
29071,MO,Franklin,82845,26.8,25.6,21208.32,PLACES 2025 release (2023 survey)
29073,MO,Gasconade,11709,26.7,24.6,2880.414,PLACES 2025 release (2023 survey)
29075,MO,Gentry,4635,26.2,25.0,1158.75,PLACES 2025 release (2023 survey)
29077,MO,Greene,241659,24.8,24.5,59206.455,PLACES 2025 release (2023 survey)
29079,MO,Grundy,7321,27.1,25.3,1852.213,PLACES 2025 release (2023 survey)
29081,MO,Harrison,6218,26.9,24.9,1548.282,PLACES 2025 release (2023 survey)
29083,MO,Henry,17438,26.9,25.1,4376.938,PLACES 2025 release (2023 survey)
29085,MO,Hickory,7163,28.5,24.9,1783.587,PLACES 2025 release (2023 survey)
29087,MO,Holt,3342,26.0,23.8,795.3960000000001,PLACES 2025 release (2023 survey)
29089,MO,Howard,7943,26.2,25.0,1985.75,PLACES 2025 release (2023 survey)
29091,MO,Howell,30898,28.1,26.7,8249.766,PLACES 2025 release (2023 survey)
29093,MO,Iron,7420,28.1,26.3,1951.46,PLACES 2025 release (2023 survey)
29095,MO,Jackson,553202,25.8,25.4,140513.308,PLACES 2025 release (2023 survey)
29097,MO,Jasper,94515,26.3,25.8,24384.87,PLACES 2025 release (2023 survey)
29099,MO,Jefferson,179619,24.7,23.9,42928.941,PLACES 2025 release (2023 survey)
29101,MO,Johnson,42654,26.4,26.8,11431.272,PLACES 2025 release (2023 survey)
29103,MO,Knox,2854,26.9,25.2,719.208,PLACES 2025 release (2023 survey)
29105,MO,Laclede,27574,27.1,25.9,7141.666,PLACES 2025 release (2023 survey)
29107,MO,Lafayette,25607,25.9,24.6,6299.322000000001,PLACES 2025 release (2023 survey)
29109,MO,Lawrence,28920,26.7,25.7,7432.4400000000005,PLACES 2025 release (2023 survey)
29111,MO,Lewis,7755,26.9,25.8,2000.79,PLACES 2025 release (2023 survey)
29113,MO,Lincoln,48548,25.3,24.9,12088.452,PLACES 2025 release (2023 survey)
29115,MO,Linn,9017,26.7,25.1,2263.267,PLACES 2025 release (2023 survey)
29117,MO,Livingston,11376,27.4,26.1,2969.136,PLACES 2025 release (2023 survey)
29119,MO,McDonald,17900,27.3,26.5,4743.5,PLACES 2025 release (2023 survey)
29121,MO,Macon,11647,25.5,23.7,2760.339,PLACES 2025 release (2023 survey)
29123,MO,Madison,9847,26.7,25.4,2501.138,PLACES 2025 release (2023 survey)
29125,MO,Maries,6697,26.9,25.2,1687.644,PLACES 2025 release (2023 survey)
29127,MO,Marion,21790,26.1,25.0,5447.5,PLACES 2025 release (2023 survey)
29129,MO,Mercer,2611,27.4,25.4,663.194,PLACES 2025 release (2023 survey)
29131,MO,Miller,19541,27.2,25.8,5041.578,PLACES 2025 release (2023 survey)
29133,MO,Mississippi,9153,26.0,25.1,2297.403,PLACES 2025 release (2023 survey)
29135,MO,Moniteau,11398,25.6,24.8,2826.704,PLACES 2025 release (2023 survey)
29137,MO,Monroe,6787,27.2,24.9,1689.963,PLACES 2025 release (2023 survey)
29139,MO,Montgomery,8974,26.6,25.1,2252.474,PLACES 2025 release (2023 survey)
29141,MO,Morgan,16914,28.2,26.1,4414.554,PLACES 2025 release (2023 survey)
29143,MO,New Madrid,11775,27.2,25.7,3026.175,PLACES 2025 release (2023 survey)
29145,MO,Newton,46193,26.1,25.0,11548.25,PLACES 2025 release (2023 survey)
29147,MO,Nodaway,17134,26.4,26.2,4489.108,PLACES 2025 release (2023 survey)
29149,MO,Oregon,6668,27.9,25.9,1727.012,PLACES 2025 release (2023 survey)
29151,MO,Osage,10389,25.3,24.2,2514.138,PLACES 2025 release (2023 survey)
29153,MO,Ozark,7255,28.4,25.5,1850.025,PLACES 2025 release (2023 survey)
29155,MO,Pemiscot,10795,26.8,25.7,2774.315,PLACES 2025 release (2023 survey)
29157,MO,Perry,14765,25.9,24.4,3602.66,PLACES 2025 release (2023 survey)
29159,MO,Pettis,32613,25.4,24.6,8022.798000000001,PLACES 2025 release (2023 survey)
29161,MO,Phelps,35710,26.5,25.9,9248.89,PLACES 2025 release (2023 survey)
29163,MO,Pike,13889,25.1,24.1,3347.2490000000003,PLACES 2025 release (2023 survey)
29165,MO,Platte,86325,23.4,22.8,19682.100000000002,PLACES 2025 release (2023 survey)
29167,MO,Polk,25174,27.1,26.1,6570.414000000001,PLACES 2025 release (2023 survey)
29169,MO,Pulaski,42066,24.0,24.6,10348.236,PLACES 2025 release (2023 survey)
29171,MO,Putnam,3551,26.2,24.3,862.893,PLACES 2025 release (2023 survey)
29173,MO,Ralls,8338,26.8,24.8,2067.824,PLACES 2025 release (2023 survey)
29175,MO,Randolph,18724,26.2,25.5,4774.62,PLACES 2025 release (2023 survey)
29177,MO,Ray,17877,26.4,25.0,4469.25,PLACES 2025 release (2023 survey)
29179,MO,Reynolds,4821,27.5,25.4,1224.534,PLACES 2025 release (2023 survey)
29181,MO,Ripley,8128,28.5,27.1,2202.688,PLACES 2025 release (2023 survey)
29183,MO,St. Charles,323865,23.5,22.8,73841.22,PLACES 2025 release (2023 survey)
29185,MO,St. Clair,7697,27.6,25.2,1939.644,PLACES 2025 release (2023 survey)
29186,MO,Ste. Genevieve,14648,25.9,24.4,3574.112,PLACES 2025 release (2023 survey)
29187,MO,St. Francois,53194,26.5,25.9,13777.246000000001,PLACES 2025 release (2023 survey)
29189,MO,St. Louis,771815,23.6,22.7,175202.00499999998,PLACES 2025 release (2023 survey)
29195,MO,Saline,18077,25.3,24.6,4446.942,PLACES 2025 release (2023 survey)
29197,MO,Schuyler,2951,25.7,24.3,717.093,PLACES 2025 release (2023 survey)
29199,MO,Scotland,3300,26.5,25.1,828.3,PLACES 2025 release (2023 survey)
29201,MO,Scott,28776,25.7,24.6,7078.896000000001,PLACES 2025 release (2023 survey)
29203,MO,Shannon,5590,26.9,24.9,1391.91,PLACES 2025 release (2023 survey)
29205,MO,Shelby,4506,27.1,25.2,1135.512,PLACES 2025 release (2023 survey)
29207,MO,Stoddard,22190,27.6,26.1,5791.59,PLACES 2025 release (2023 survey)
29209,MO,Stone,27152,26.5,23.5,6380.719999999999,PLACES 2025 release (2023 survey)
29211,MO,Sullivan,4514,25.4,24.0,1083.36,PLACES 2025 release (2023 survey)
29213,MO,Taney,45069,25.8,24.3,10951.767,PLACES 2025 release (2023 survey)
29215,MO,Texas,20067,26.8,25.5,5117.085,PLACES 2025 release (2023 survey)
29217,MO,Vernon,15019,28.1,26.6,3995.054,PLACES 2025 release (2023 survey)
29219,MO,Warren,29200,26.0,24.9,7270.8,PLACES 2025 release (2023 survey)
29221,MO,Washington,18183,27.4,26.4,4800.312,PLACES 2025 release (2023 survey)
29223,MO,Wayne,8628,28.1,25.8,2226.024,PLACES 2025 release (2023 survey)
29225,MO,Webster,29983,26.8,26.1,7825.563,PLACES 2025 release (2023 survey)
29227,MO,Worth,1536,26.8,24.5,376.32,PLACES 2025 release (2023 survey)
29229,MO,Wright,14305,28.1,26.6,3805.13,PLACES 2025 release (2023 survey)
29510,MO,St. Louis,230905,23.9,23.9,55186.295,PLACES 2025 release (2023 survey)
30001,MT,Beaverhead,8156,25.6,24.3,1981.908,PLACES 2025 release (2023 survey)
30003,MT,Big Horn,8784,25.6,25.2,2213.568,PLACES 2025 release (2023 survey)
30005,MT,Blaine,4948,25.2,24.3,1202.364,PLACES 2025 release (2023 survey)
30007,MT,Broadwater,6410,24.7,23.1,1480.71,PLACES 2025 release (2023 survey)
30009,MT,Carbon,9474,25.2,22.8,2160.072,PLACES 2025 release (2023 survey)
30011,MT,Carter,1121,26.1,23.2,260.072,PLACES 2025 release (2023 survey)
30013,MT,Cascade,66139,28.1,27.1,17923.669,PLACES 2025 release (2023 survey)
30015,MT,Chouteau,4657,25.5,23.8,1108.366,PLACES 2025 release (2023 survey)
30017,MT,Custer,9637,25.2,24.0,2312.88,PLACES 2025 release (2023 survey)
30019,MT,Daniels,1289,24.7,22.5,290.02500000000003,PLACES 2025 release (2023 survey)
30021,MT,Dawson,6918,24.5,23.2,1604.9759999999999,PLACES 2025 release (2023 survey)
30023,MT,Deer Lodge,8546,26.0,24.2,2068.132,PLACES 2025 release (2023 survey)
30025,MT,Fallon,2225,25.1,23.8,529.5500000000001,PLACES 2025 release (2023 survey)
30027,MT,Fergus,9316,25.1,23.1,2151.996,PLACES 2025 release (2023 survey)
30029,MT,Flathead,89230,25.0,23.7,21147.51,PLACES 2025 release (2023 survey)
30031,MT,Gallatin,102868,22.4,22.8,23453.904000000002,PLACES 2025 release (2023 survey)
30033,MT,Garfield,917,26.6,24.2,221.914,PLACES 2025 release (2023 survey)
30035,MT,Glacier,9584,26.0,25.8,2472.672,PLACES 2025 release (2023 survey)
30037,MT,Golden Valley,693,26.5,23.0,159.39000000000001,PLACES 2025 release (2023 survey)
30039,MT,Granite,3047,24.7,22.1,673.3870000000001,PLACES 2025 release (2023 survey)
30041,MT,Hill,11705,26.8,26.2,3066.71,PLACES 2025 release (2023 survey)
30043,MT,Jefferson,10436,24.3,22.7,2368.9719999999998,PLACES 2025 release (2023 survey)
30045,MT,Judith Basin,1704,25.9,23.3,397.03200000000004,PLACES 2025 release (2023 survey)
30047,MT,Lake,26163,26.7,24.9,6514.5869999999995,PLACES 2025 release (2023 survey)
30049,MT,Lewis and Clark,59205,27.0,25.8,15274.890000000001,PLACES 2025 release (2023 survey)
30051,MT,Liberty,1533,27.2,24.9,381.717,PLACES 2025 release (2023 survey)
30053,MT,Lincoln,18010,27.4,24.5,4412.45,PLACES 2025 release (2023 survey)
30055,MT,McCone,1334,24.6,22.1,294.814,PLACES 2025 release (2023 survey)
30057,MT,Madison,8033,23.9,21.6,1735.1280000000002,PLACES 2025 release (2023 survey)
30059,MT,Meagher,1699,25.3,22.4,380.57599999999996,PLACES 2025 release (2023 survey)
30061,MT,Mineral,4134,26.1,23.4,967.356,PLACES 2025 release (2023 survey)
30063,MT,Missoula,100124,26.7,26.6,26632.984,PLACES 2025 release (2023 survey)
30065,MT,Musselshell,4266,25.5,23.3,993.9780000000001,PLACES 2025 release (2023 survey)
30067,MT,Park,14881,24.2,22.5,3348.225,PLACES 2025 release (2023 survey)
30069,MT,Petroleum,454,24.4,21.4,97.15599999999999,PLACES 2025 release (2023 survey)
30071,MT,Phillips,3245,26.0,23.9,775.555,PLACES 2025 release (2023 survey)
30073,MT,Pondera,4691,26.8,25.0,1172.75,PLACES 2025 release (2023 survey)
30075,MT,Powder River,1437,24.4,21.7,311.829,PLACES 2025 release (2023 survey)
30077,MT,Powell,6094,23.0,22.2,1352.868,PLACES 2025 release (2023 survey)
30079,MT,Prairie,902,26.2,22.2,200.244,PLACES 2025 release (2023 survey)
30081,MT,Ravalli,38925,24.4,22.3,8680.275,PLACES 2025 release (2023 survey)
30083,MT,Richland,8358,23.8,22.9,1913.9819999999997,PLACES 2025 release (2023 survey)
30085,MT,Roosevelt,6918,26.9,26.9,1860.9419999999998,PLACES 2025 release (2023 survey)
30087,MT,Rosebud,5803,25.4,24.6,1427.5380000000002,PLACES 2025 release (2023 survey)
30089,MT,Sanders,11386,26.0,23.0,2618.78,PLACES 2025 release (2023 survey)
30091,MT,Sheridan,2775,25.6,23.5,652.125,PLACES 2025 release (2023 survey)
30093,MT,Silver Bow,29065,26.0,25.1,7295.315,PLACES 2025 release (2023 survey)
30095,MT,Stillwater,7300,24.7,22.6,1649.8,PLACES 2025 release (2023 survey)
30097,MT,Sweet Grass,3087,25.1,22.7,700.7489999999999,PLACES 2025 release (2023 survey)
30099,MT,Teton,4837,25.5,23.5,1136.695,PLACES 2025 release (2023 survey)
30101,MT,Toole,4036,23.7,23.2,936.352,PLACES 2025 release (2023 survey)
30103,MT,Treasure,586,25.1,21.6,126.57600000000002,PLACES 2025 release (2023 survey)
30105,MT,Valley,5820,25.3,23.2,1350.24,PLACES 2025 release (2023 survey)
30107,MT,Wheatland,1534,26.8,24.6,377.36400000000003,PLACES 2025 release (2023 survey)
30109,MT,Wibaux,719,25.9,23.6,169.684,PLACES 2025 release (2023 survey)
30111,MT,Yellowstone,132003,28.2,27.3,36036.819,PLACES 2025 release (2023 survey)
31001,NE,Adams,23578,20.6,19.7,4644.866,PLACES 2025 release (2023 survey)
31003,NE,Antelope,4745,18.2,16.6,787.6700000000001,PLACES 2025 release (2023 survey)
31005,NE,Arthur,313,19.1,17.5,54.775,PLACES 2025 release (2023 survey)
31007,NE,Banner,520,18.3,16.3,84.76,PLACES 2025 release (2023 survey)
31009,NE,Blaine,344,19.2,17.4,59.855999999999995,PLACES 2025 release (2023 survey)
31011,NE,Boone,4024,18.4,16.8,676.032,PLACES 2025 release (2023 survey)
31013,NE,Box Butte,8035,17.9,16.8,1349.88,PLACES 2025 release (2023 survey)
31015,NE,Boyd,1404,18.2,16.0,224.64000000000001,PLACES 2025 release (2023 survey)
31017,NE,Brown,2242,18.6,17.0,381.14000000000004,PLACES 2025 release (2023 survey)
31019,NE,Buffalo,39269,18.3,18.1,7107.689000000001,PLACES 2025 release (2023 survey)
31021,NE,Burt,5218,18.9,17.2,897.496,PLACES 2025 release (2023 survey)
31023,NE,Butler,6408,17.4,16.3,1044.5040000000001,PLACES 2025 release (2023 survey)
31025,NE,Cass,21215,19.1,18.2,3861.13,PLACES 2025 release (2023 survey)
31027,NE,Cedar,6180,17.4,15.9,982.62,PLACES 2025 release (2023 survey)
31029,NE,Chase,2808,17.7,16.3,457.704,PLACES 2025 release (2023 survey)
31031,NE,Cherry,4162,18.5,17.1,711.702,PLACES 2025 release (2023 survey)
31033,NE,Cheyenne,7351,18.4,17.1,1257.0210000000002,PLACES 2025 release (2023 survey)
31035,NE,Clay,4559,17.9,16.9,770.4709999999999,PLACES 2025 release (2023 survey)
31037,NE,Colfax,7357,14.3,14.1,1037.337,PLACES 2025 release (2023 survey)
31039,NE,Cuming,6695,18.0,16.7,1118.0649999999998,PLACES 2025 release (2023 survey)
31041,NE,Custer,8019,18.0,16.6,1331.154,PLACES 2025 release (2023 survey)
31043,NE,Dakota,15010,16.0,15.9,2386.59,PLACES 2025 release (2023 survey)
31045,NE,Dawes,6654,18.8,18.2,1211.028,PLACES 2025 release (2023 survey)
31047,NE,Dawson,17395,15.8,15.4,2678.83,PLACES 2025 release (2023 survey)
31049,NE,Deuel,1493,19.1,16.9,252.31699999999998,PLACES 2025 release (2023 survey)
31051,NE,Dixon,4099,17.1,15.8,647.642,PLACES 2025 release (2023 survey)
31053,NE,Dodge,27891,17.3,16.6,4629.906,PLACES 2025 release (2023 survey)
31055,NE,Douglas,441789,18.9,18.9,83498.12099999998,PLACES 2025 release (2023 survey)
31057,NE,Dundy,1277,18.8,16.7,213.259,PLACES 2025 release (2023 survey)
31059,NE,Fillmore,4435,18.1,16.6,736.21,PLACES 2025 release (2023 survey)
31061,NE,Franklin,2223,19.9,17.8,395.694,PLACES 2025 release (2023 survey)
31063,NE,Frontier,2060,18.2,16.6,341.96000000000004,PLACES 2025 release (2023 survey)
31065,NE,Furnas,3583,18.8,17.1,612.6930000000001,PLACES 2025 release (2023 survey)
31067,NE,Gage,16755,19.0,17.6,2948.88,PLACES 2025 release (2023 survey)
31069,NE,Garden,1468,19.3,16.9,248.09199999999998,PLACES 2025 release (2023 survey)
31071,NE,Garfield,1422,18.3,16.2,230.364,PLACES 2025 release (2023 survey)
31073,NE,Gosper,1454,18.1,16.4,238.45599999999996,PLACES 2025 release (2023 survey)
31075,NE,Grant,427,18.7,17.0,72.59,PLACES 2025 release (2023 survey)
31077,NE,Greeley,1694,18.2,16.5,279.51,PLACES 2025 release (2023 survey)
31079,NE,Hall,45205,16.8,16.4,7413.619999999999,PLACES 2025 release (2023 survey)
31081,NE,Hamilton,7226,18.0,16.9,1221.194,PLACES 2025 release (2023 survey)
31083,NE,Harlan,2375,18.6,16.6,394.25,PLACES 2025 release (2023 survey)
31085,NE,Hayes,629,18.8,16.5,103.78500000000001,PLACES 2025 release (2023 survey)
31087,NE,Hitchcock,1964,19.0,17.2,337.808,PLACES 2025 release (2023 survey)
31089,NE,Holt,7493,17.6,16.0,1198.88,PLACES 2025 release (2023 survey)
31091,NE,Hooker,529,19.2,16.9,89.401,PLACES 2025 release (2023 survey)
31093,NE,Howard,4978,18.1,16.8,836.3040000000001,PLACES 2025 release (2023 survey)
31095,NE,Jefferson,5436,19.5,17.7,962.1719999999999,PLACES 2025 release (2023 survey)
31097,NE,Johnson,4248,16.1,15.7,666.936,PLACES 2025 release (2023 survey)
31099,NE,Kearney,5096,17.9,16.8,856.128,PLACES 2025 release (2023 survey)
31101,NE,Keith,6429,17.4,15.6,1002.924,PLACES 2025 release (2023 survey)
31103,NE,Keya Paha,656,18.5,16.0,104.96000000000001,PLACES 2025 release (2023 survey)
31105,NE,Kimball,2640,19.2,17.3,456.72,PLACES 2025 release (2023 survey)
31107,NE,Knox,6275,18.7,16.8,1054.2,PLACES 2025 release (2023 survey)
31109,NE,Lancaster,254106,20.5,20.5,52091.729999999996,PLACES 2025 release (2023 survey)
31111,NE,Lincoln,25829,20.1,18.9,4881.681,PLACES 2025 release (2023 survey)
31113,NE,Logan,518,18.2,16.2,83.916,PLACES 2025 release (2023 survey)
31115,NE,Loup,479,18.0,15.9,76.161,PLACES 2025 release (2023 survey)
31117,NE,McPherson,316,19.1,16.7,52.77199999999999,PLACES 2025 release (2023 survey)
31119,NE,Madison,26650,16.8,16.2,4317.3,PLACES 2025 release (2023 survey)
31121,NE,Merrick,5997,19.1,17.8,1067.4660000000001,PLACES 2025 release (2023 survey)
31123,NE,Morrill,3482,18.4,17.1,595.422,PLACES 2025 release (2023 survey)
31125,NE,Nance,2505,19.0,17.9,448.395,PLACES 2025 release (2023 survey)
31127,NE,Nemaha,5443,19.3,18.4,1001.512,PLACES 2025 release (2023 survey)
31129,NE,Nuckolls,3260,18.8,16.9,550.9399999999999,PLACES 2025 release (2023 survey)
31131,NE,Otoe,12426,18.8,17.7,2199.402,PLACES 2025 release (2023 survey)
31133,NE,Pawnee,1933,19.3,16.9,326.67699999999996,PLACES 2025 release (2023 survey)
31135,NE,Perkins,2130,18.3,17.0,362.1,PLACES 2025 release (2023 survey)
31137,NE,Phelps,6814,19.1,17.9,1219.706,PLACES 2025 release (2023 survey)
31139,NE,Pierce,5430,18.3,17.1,928.5300000000001,PLACES 2025 release (2023 survey)
31141,NE,Platte,25501,16.4,15.8,4029.158,PLACES 2025 release (2023 survey)
31143,NE,Polk,4066,18.0,16.5,670.89,PLACES 2025 release (2023 survey)
31145,NE,Red Willow,8110,20.6,19.4,1573.34,PLACES 2025 release (2023 survey)
31147,NE,Richardson,6032,19.5,17.7,1067.664,PLACES 2025 release (2023 survey)
31149,NE,Rock,987,18.6,16.6,163.842,PLACES 2025 release (2023 survey)
31151,NE,Saline,10731,17.3,16.9,1813.5389999999998,PLACES 2025 release (2023 survey)
31153,NE,Sarpy,148082,17.5,17.5,25914.35,PLACES 2025 release (2023 survey)
31155,NE,Saunders,17644,17.4,16.5,2911.26,PLACES 2025 release (2023 survey)
31157,NE,Scotts Bluff,27153,18.5,17.5,4751.775,PLACES 2025 release (2023 survey)
31159,NE,Seward,13590,19.1,18.4,2500.56,PLACES 2025 release (2023 survey)
31161,NE,Sheridan,3887,18.3,16.4,637.468,PLACES 2025 release (2023 survey)
31163,NE,Sherman,2327,18.7,16.7,388.609,PLACES 2025 release (2023 survey)
31165,NE,Sioux,947,19.5,17.2,162.884,PLACES 2025 release (2023 survey)
31167,NE,Stanton,4443,17.7,16.4,728.6519999999999,PLACES 2025 release (2023 survey)
31169,NE,Thayer,3720,19.1,17.4,647.28,PLACES 2025 release (2023 survey)
31171,NE,Thomas,525,18.2,16.6,87.15,PLACES 2025 release (2023 survey)
31173,NE,Thurston,4284,18.2,18.2,779.688,PLACES 2025 release (2023 survey)
31175,NE,Valley,3070,18.3,16.6,509.62,PLACES 2025 release (2023 survey)
31177,NE,Washington,16193,18.7,17.7,2866.161,PLACES 2025 release (2023 survey)
31179,NE,Wayne,7832,18.1,18.2,1425.424,PLACES 2025 release (2023 survey)
31181,NE,Webster,2578,18.9,17.6,453.72800000000007,PLACES 2025 release (2023 survey)
31183,NE,Wheeler,603,17.9,15.8,95.274,PLACES 2025 release (2023 survey)
31185,NE,York,11004,18.2,17.3,1903.6920000000002,PLACES 2025 release (2023 survey)
32001,NV,Churchill,19917,22.8,22.0,4381.74,PLACES 2025 release (2023 survey)
32003,NV,Clark,1824661,20.6,20.3,370406.183,PLACES 2025 release (2023 survey)
32005,NV,Douglas,42375,21.2,18.9,8008.874999999999,PLACES 2025 release (2023 survey)
32007,NV,Elko,40093,21.6,21.5,8619.994999999999,PLACES 2025 release (2023 survey)
32009,NV,Esmeralda,636,22.4,20.2,128.47199999999998,PLACES 2025 release (2023 survey)
32011,NV,Eureka,1480,25.0,23.5,347.79999999999995,PLACES 2025 release (2023 survey)
32013,NV,Humboldt,12652,22.1,21.7,2745.484,PLACES 2025 release (2023 survey)
32015,NV,Lander,4270,23.5,22.8,973.5600000000001,PLACES 2025 release (2023 survey)
32017,NV,Lincoln,3519,23.0,21.2,746.028,PLACES 2025 release (2023 survey)
32019,NV,Lyon,49698,22.4,21.4,10635.372,PLACES 2025 release (2023 survey)
32021,NV,Mineral,3656,24.4,22.3,815.288,PLACES 2025 release (2023 survey)
32023,NV,Nye,46506,23.1,21.0,9766.26,PLACES 2025 release (2023 survey)
32027,NV,Pershing,5279,20.1,19.6,1034.684,PLACES 2025 release (2023 survey)
32029,NV,Storey,3662,22.3,19.7,721.4139999999999,PLACES 2025 release (2023 survey)
32031,NV,Washoe,396438,21.6,21.1,83648.418,PLACES 2025 release (2023 survey)
32033,NV,White Pine,6803,22.5,21.5,1462.645,PLACES 2025 release (2023 survey)
32510,NV,Carson City,46575,22.2,21.4,9967.05,PLACES 2025 release (2023 survey)
33001,NH,Belknap,53990,24.9,23.1,12471.69,PLACES 2025 release (2023 survey)
33003,NH,Carroll,44871,24.1,21.5,9647.265,PLACES 2025 release (2023 survey)
33005,NH,Cheshire,63936,25.0,23.6,15088.896,PLACES 2025 release (2023 survey)
33007,NH,Coos,26302,24.5,22.6,5944.252,PLACES 2025 release (2023 survey)
33009,NH,Grafton,78967,24.9,23.7,18715.179,PLACES 2025 release (2023 survey)
33011,NH,Hillsborough,344717,22.1,21.5,74114.155,PLACES 2025 release (2023 survey)
33013,NH,Merrimack,128587,24.6,23.6,30346.532000000003,PLACES 2025 release (2023 survey)
33015,NH,Rockingham,262293,23.0,21.7,56917.581,PLACES 2025 release (2023 survey)
33017,NH,Strafford,110001,26.6,26.3,28930.263000000003,PLACES 2025 release (2023 survey)
33019,NH,Sullivan,36340,25.8,24.1,8757.94,PLACES 2025 release (2023 survey)
34001,NJ,Atlantic,218623,17.1,16.3,35635.549,PLACES 2025 release (2023 survey)
34003,NJ,Bergen,759402,14.6,14.0,106316.28000000001,PLACES 2025 release (2023 survey)
34005,NJ,Burlington,373419,16.3,15.7,58626.783,PLACES 2025 release (2023 survey)
34007,NJ,Camden,407842,18.0,17.6,71780.19200000001,PLACES 2025 release (2023 survey)
34009,NJ,Cape May,78642,19.5,17.6,13840.992000000002,PLACES 2025 release (2023 survey)
34011,NJ,Cumberland,115216,16.4,16.1,18549.776,PLACES 2025 release (2023 survey)
34013,NJ,Essex,652264,15.7,15.4,100448.656,PLACES 2025 release (2023 survey)
34015,NJ,Gloucester,243231,19.1,18.6,45240.96600000001,PLACES 2025 release (2023 survey)
34017,NJ,Hudson,568317,14.0,14.2,80701.014,PLACES 2025 release (2023 survey)
34019,NJ,Hunterdon,105457,17.7,16.5,17400.405000000002,PLACES 2025 release (2023 survey)
34021,NJ,Mercer,298044,15.1,14.8,44110.51200000001,PLACES 2025 release (2023 survey)
34023,NJ,Middlesex,680119,13.0,12.7,86375.113,PLACES 2025 release (2023 survey)
34025,NJ,Monmouth,510015,15.1,14.3,72932.145,PLACES 2025 release (2023 survey)
34027,NJ,Morris,409159,15.6,14.9,60964.691,PLACES 2025 release (2023 survey)
34029,NJ,Ocean,494303,17.3,16.1,79582.783,PLACES 2025 release (2023 survey)
34031,NJ,Passaic,392936,15.8,15.4,60512.144,PLACES 2025 release (2023 survey)
34033,NJ,Salem,50965,19.4,18.6,9479.490000000002,PLACES 2025 release (2023 survey)
34035,NJ,Somerset,275979,14.4,13.9,38361.081000000006,PLACES 2025 release (2023 survey)
34037,NJ,Sussex,117673,19.0,18.2,21416.486,PLACES 2025 release (2023 survey)
34039,NJ,Union,439083,14.7,14.3,62788.869000000006,PLACES 2025 release (2023 survey)
34041,NJ,Warren,89862,18.7,17.8,15995.436000000002,PLACES 2025 release (2023 survey)
35001,NM,Bernalillo,538537,25.2,24.6,132480.102,PLACES 2025 release (2023 survey)
35003,NM,Catron,3386,25.7,21.8,738.148,PLACES 2025 release (2023 survey)
35005,NM,Chaves,47930,24.2,23.7,11359.41,PLACES 2025 release (2023 survey)
35006,NM,Cibola,20607,24.0,23.4,4822.038,PLACES 2025 release (2023 survey)
35007,NM,Colfax,10226,22.8,21.1,2157.686,PLACES 2025 release (2023 survey)
35009,NM,Curry,34741,24.4,24.6,8546.286,PLACES 2025 release (2023 survey)
35011,NM,De Baca,1294,24.6,22.5,291.15000000000003,PLACES 2025 release (2023 survey)
35013,NM,DoÃ±a Ana,174328,22.2,22.0,38352.16,PLACES 2025 release (2023 survey)
35015,NM,Eddy,44384,23.1,22.8,10119.552,PLACES 2025 release (2023 survey)
35017,NM,Grant,22591,23.2,21.2,4789.2919999999995,PLACES 2025 release (2023 survey)
35019,NM,Guadalupe,3499,20.0,19.2,671.808,PLACES 2025 release (2023 survey)
35021,NM,Harding,540,24.3,20.4,110.16,PLACES 2025 release (2023 survey)
35023,NM,Hidalgo,3115,23.0,21.6,672.84,PLACES 2025 release (2023 survey)
35025,NM,Lea,51363,21.5,21.7,11145.771,PLACES 2025 release (2023 survey)
35027,NM,Lincoln,16497,24.7,22.4,3695.3279999999995,PLACES 2025 release (2023 survey)
35028,NM,Los Alamos,15411,21.3,20.5,3159.2549999999997,PLACES 2025 release (2023 survey)
35029,NM,Luna,18862,23.5,22.6,4262.812,PLACES 2025 release (2023 survey)
35031,NM,McKinley,50466,25.0,24.8,12515.568,PLACES 2025 release (2023 survey)
35033,NM,Mora,3454,19.8,17.7,611.358,PLACES 2025 release (2023 survey)
35035,NM,Otero,54011,24.4,24.0,12962.64,PLACES 2025 release (2023 survey)
35037,NM,Quay,6759,24.1,22.3,1507.257,PLACES 2025 release (2023 survey)
35039,NM,Rio Arriba,30988,21.5,20.2,6259.575999999999,PLACES 2025 release (2023 survey)
35041,NM,Roosevelt,14317,24.1,24.2,3464.714,PLACES 2025 release (2023 survey)
35043,NM,Sandoval,122649,24.0,23.1,28331.919,PLACES 2025 release (2023 survey)
35045,NM,San Juan,90972,24.1,23.4,21287.448,PLACES 2025 release (2023 survey)
35047,NM,San Miguel,22308,20.9,19.5,4350.06,PLACES 2025 release (2023 survey)
35049,NM,Santa Fe,131762,23.4,21.9,28855.877999999997,PLACES 2025 release (2023 survey)
35051,NM,Sierra,9643,25.1,22.0,2121.46,PLACES 2025 release (2023 survey)
35053,NM,Socorro,12594,22.7,21.7,2732.898,PLACES 2025 release (2023 survey)
35055,NM,Taos,29128,22.5,20.5,5971.24,PLACES 2025 release (2023 survey)
35057,NM,Torrance,12406,25.6,24.4,3027.064,PLACES 2025 release (2023 survey)
35059,NM,Union,3169,23.2,22.2,703.518,PLACES 2025 release (2023 survey)
35061,NM,Valencia,61087,22.5,21.8,13316.966,PLACES 2025 release (2023 survey)
36001,NY,Albany,260123,21.5,21.1,54885.95300000001,PLACES 2025 release (2023 survey)
36003,NY,Allegany,37430,22.3,21.2,7935.16,PLACES 2025 release (2023 survey)
36005,NY,Bronx,1031703,16.1,15.8,163009.074,PLACES 2025 release (2023 survey)
36007,NY,Broome,158802,21.6,20.7,32872.013999999996,PLACES 2025 release (2023 survey)
36009,NY,Cattaraugus,59190,22.9,21.6,12785.04,PLACES 2025 release (2023 survey)
36011,NY,Cayuga,60227,22.0,20.8,12527.216,PLACES 2025 release (2023 survey)
36013,NY,Chautauqua,99281,21.8,20.6,20451.886000000002,PLACES 2025 release (2023 survey)
36015,NY,Chemung,64334,22.5,21.4,13767.476,PLACES 2025 release (2023 survey)
36017,NY,Chenango,36448,22.7,21.1,7690.528000000001,PLACES 2025 release (2023 survey)
36019,NY,Clinton,63935,23.5,22.7,14513.244999999999,PLACES 2025 release (2023 survey)
36021,NY,Columbia,51121,21.1,19.3,9866.353000000001,PLACES 2025 release (2023 survey)
36023,NY,Cortland,37332,23.4,23.0,8586.36,PLACES 2025 release (2023 survey)
36025,NY,Delaware,37417,22.3,20.5,7670.485,PLACES 2025 release (2023 survey)
36027,NY,Dutchess,243026,19.6,18.9,45931.914,PLACES 2025 release (2023 survey)
36029,NY,Erie,756717,21.3,20.6,155883.70200000002,PLACES 2025 release (2023 survey)
36031,NY,Essex,31123,22.3,20.4,6349.092,PLACES 2025 release (2023 survey)
36033,NY,Franklin,37193,22.9,21.9,8145.266999999999,PLACES 2025 release (2023 survey)
36035,NY,Fulton,41853,23.0,21.7,9082.101,PLACES 2025 release (2023 survey)
36037,NY,Genesee,45851,22.3,21.1,9674.561000000002,PLACES 2025 release (2023 survey)
36039,NY,Greene,39543,21.7,20.3,8027.229,PLACES 2025 release (2023 survey)
36041,NY,Hamilton,4455,22.2,19.4,864.2699999999999,PLACES 2025 release (2023 survey)
36043,NY,Herkimer,47406,21.8,20.4,9670.823999999999,PLACES 2025 release (2023 survey)
36045,NY,Jefferson,87280,20.6,20.5,17892.399999999998,PLACES 2025 release (2023 survey)
36047,NY,Kings,2003937,16.3,16.1,322633.857,PLACES 2025 release (2023 survey)
36049,NY,Lewis,20528,22.3,20.9,4290.352,PLACES 2025 release (2023 survey)
36051,NY,Livingston,50385,21.6,20.8,10480.080000000002,PLACES 2025 release (2023 survey)
36053,NY,Madison,54640,22.3,21.1,11529.04,PLACES 2025 release (2023 survey)
36055,NY,Monroe,597520,22.6,21.9,130856.87999999999,PLACES 2025 release (2023 survey)
36057,NY,Montgomery,37918,22.2,21.2,8038.616,PLACES 2025 release (2023 survey)
36059,NY,Nassau,1086193,14.0,13.4,145549.86200000002,PLACES 2025 release (2023 survey)
36061,NY,New York,1381420,18.6,18.5,255562.69999999998,PLACES 2025 release (2023 survey)
36063,NY,Niagara,168091,22.3,21.1,35467.201,PLACES 2025 release (2023 survey)
36065,NY,Oneida,178989,21.3,20.4,36513.756,PLACES 2025 release (2023 survey)
36067,NY,Onondaga,370637,22.8,22.0,81540.14,PLACES 2025 release (2023 survey)
36069,NY,Ontario,91175,21.6,20.3,18508.525,PLACES 2025 release (2023 survey)
36071,NY,Orange,303262,18.2,17.8,53980.636000000006,PLACES 2025 release (2023 survey)
36073,NY,Orleans,31736,21.6,20.6,6537.616000000001,PLACES 2025 release (2023 survey)
36075,NY,Oswego,94079,22.7,21.9,20603.300999999996,PLACES 2025 release (2023 survey)
36077,NY,Otsego,51237,21.5,20.9,10708.533,PLACES 2025 release (2023 survey)
36079,NY,Putnam,79093,18.5,17.6,13920.368000000002,PLACES 2025 release (2023 survey)
36081,NY,Queens,1821507,14.2,13.7,249546.45899999997,PLACES 2025 release (2023 survey)
36083,NY,Rensselaer,129327,20.6,20.0,25865.4,PLACES 2025 release (2023 survey)
36085,NY,Richmond,385428,15.8,15.3,58970.484,PLACES 2025 release (2023 survey)
36087,NY,Rockland,238842,18.4,17.9,42752.718,PLACES 2025 release (2023 survey)
36089,NY,St. Lawrence,85802,24.5,23.6,20249.272,PLACES 2025 release (2023 survey)
36091,NY,Saratoga,193626,21.2,20.2,39112.452,PLACES 2025 release (2023 survey)
36093,NY,Schenectady,125778,19.9,19.3,24275.154000000002,PLACES 2025 release (2023 survey)
36095,NY,Schoharie,24919,21.5,20.0,4983.8,PLACES 2025 release (2023 survey)
36097,NY,Schuyler,14192,22.5,20.8,2951.936,PLACES 2025 release (2023 survey)
36099,NY,Seneca,25660,22.4,21.2,5439.92,PLACES 2025 release (2023 survey)
36101,NY,Steuben,72423,23.0,21.7,15715.791,PLACES 2025 release (2023 survey)
36103,NY,Suffolk,1210387,16.6,16.0,193661.92,PLACES 2025 release (2023 survey)
36105,NY,Sullivan,62695,20.1,19.3,12100.135,PLACES 2025 release (2023 survey)
36107,NY,Tioga,38115,22.6,21.0,8004.15,PLACES 2025 release (2023 survey)
36109,NY,Tompkins,89113,22.6,22.5,20050.425,PLACES 2025 release (2023 survey)
36111,NY,Ulster,151636,20.3,19.4,29417.384,PLACES 2025 release (2023 survey)
36113,NY,Warren,54087,22.6,21.0,11358.27,PLACES 2025 release (2023 survey)
36115,NY,Washington,49075,21.7,20.4,10011.3,PLACES 2025 release (2023 survey)
36117,NY,Wayne,71935,22.3,20.9,15034.414999999999,PLACES 2025 release (2023 survey)
36119,NY,Westchester,782936,16.2,15.5,121355.08,PLACES 2025 release (2023 survey)
36121,NY,Wyoming,32281,21.7,20.7,6682.1669999999995,PLACES 2025 release (2023 survey)
36123,NY,Yates,18914,22.3,20.8,3934.1120000000005,PLACES 2025 release (2023 survey)
37001,NC,Alamance,139859,24.6,24.0,33566.159999999996,PLACES 2025 release (2023 survey)
37003,NC,Alexander,29341,27.0,25.8,7569.978,PLACES 2025 release (2023 survey)
37005,NC,Alleghany,9426,27.6,25.3,2384.7780000000002,PLACES 2025 release (2023 survey)
37007,NC,Anson,17493,24.3,23.4,4093.3619999999996,PLACES 2025 release (2023 survey)
37009,NC,Ashe,22627,27.6,25.2,5702.004,PLACES 2025 release (2023 survey)
37011,NC,Avery,15011,26.4,25.2,3782.772,PLACES 2025 release (2023 survey)
37013,NC,Beaufort,35939,25.9,23.9,8589.421,PLACES 2025 release (2023 survey)
37015,NC,Bertie,14112,23.0,21.7,3062.304,PLACES 2025 release (2023 survey)
37017,NC,Bladen,23400,25.8,24.2,5662.8,PLACES 2025 release (2023 survey)
37019,NC,Brunswick,137936,26.0,23.4,32277.023999999998,PLACES 2025 release (2023 survey)
37021,NC,Buncombe,227608,25.9,24.7,56219.176,PLACES 2025 release (2023 survey)
37023,NC,Burke,72201,27.4,26.1,18844.461,PLACES 2025 release (2023 survey)
37025,NC,Cabarrus,180188,23.6,23.4,42163.992,PLACES 2025 release (2023 survey)
37027,NC,Caldwell,64820,27.7,26.3,17047.66,PLACES 2025 release (2023 survey)
37029,NC,Camden,8653,25.6,24.6,2128.6380000000004,PLACES 2025 release (2023 survey)
37031,NC,Carteret,58070,26.3,24.1,13994.87,PLACES 2025 release (2023 survey)
37033,NC,Caswell,18569,24.9,23.5,4363.715,PLACES 2025 release (2023 survey)
37035,NC,Catawba,129398,26.6,25.7,33255.286,PLACES 2025 release (2023 survey)
37037,NC,Chatham,66141,24.0,22.1,14617.161,PLACES 2025 release (2023 survey)
37039,NC,Cherokee,25195,28.5,25.4,6399.53,PLACES 2025 release (2023 survey)
37041,NC,Chowan,11123,25.5,23.5,2613.9049999999997,PLACES 2025 release (2023 survey)
37043,NC,Clay,10069,27.9,24.7,2487.043,PLACES 2025 release (2023 survey)
37045,NC,Cleveland,78793,26.9,25.9,20407.387000000002,PLACES 2025 release (2023 survey)
37047,NC,Columbus,39774,25.5,24.4,9704.856,PLACES 2025 release (2023 survey)
37049,NC,Craven,80675,25.3,24.3,19604.024999999998,PLACES 2025 release (2023 survey)
37051,NC,Cumberland,252626,24.8,25.0,63156.5,PLACES 2025 release (2023 survey)
37053,NC,Currituck,24619,25.8,24.7,6080.893,PLACES 2025 release (2023 survey)
37055,NC,Dare,31485,26.0,24.1,7587.885,PLACES 2025 release (2023 survey)
37057,NC,Davidson,137346,26.7,25.6,35160.576,PLACES 2025 release (2023 survey)
37059,NC,Davie,35409,26.5,24.8,8781.432,PLACES 2025 release (2023 survey)
37061,NC,Duplin,37683,24.4,23.4,8817.822,PLACES 2025 release (2023 survey)
37063,NC,Durham,271458,22.8,22.9,62163.882,PLACES 2025 release (2023 survey)
37065,NC,Edgecombe,37653,23.9,22.7,8547.231,PLACES 2025 release (2023 survey)
37067,NC,Forsyth,304926,24.0,23.4,71352.684,PLACES 2025 release (2023 survey)
37069,NC,Franklin,60292,25.2,24.5,14771.539999999999,PLACES 2025 release (2023 survey)
37071,NC,Gaston,184354,25.9,25.3,46641.562,PLACES 2025 release (2023 survey)
37073,NC,Gates,8363,26.1,24.2,2023.846,PLACES 2025 release (2023 survey)
37075,NC,Graham,6517,27.5,25.4,1655.318,PLACES 2025 release (2023 survey)
37077,NC,Granville,49581,24.2,23.4,11601.954,PLACES 2025 release (2023 survey)
37079,NC,Greene,16688,23.7,23.4,3904.9919999999997,PLACES 2025 release (2023 survey)
37081,NC,Guilford,430053,24.5,24.2,104072.826,PLACES 2025 release (2023 survey)
37083,NC,Halifax,37177,23.9,22.5,8364.825,PLACES 2025 release (2023 survey)
37085,NC,Harnett,105764,26.1,26.0,27498.64,PLACES 2025 release (2023 survey)
37087,NC,Haywood,52105,28.5,26.4,13755.720000000001,PLACES 2025 release (2023 survey)
37089,NC,Henderson,97324,25.8,23.8,23163.112,PLACES 2025 release (2023 survey)
37091,NC,Hertford,15694,23.9,22.6,3546.844,PLACES 2025 release (2023 survey)
37093,NC,Hoke,39888,24.4,24.7,9852.336,PLACES 2025 release (2023 survey)
37095,NC,Hyde,3922,24.3,23.2,909.9039999999999,PLACES 2025 release (2023 survey)
37097,NC,Iredell,155704,25.2,24.4,37991.776,PLACES 2025 release (2023 survey)
37099,NC,Jackson,37282,27.9,27.2,10140.704000000002,PLACES 2025 release (2023 survey)
37101,NC,Johnston,182582,24.6,24.3,44367.426,PLACES 2025 release (2023 survey)
37103,NC,Jones,7647,26.5,24.7,1888.809,PLACES 2025 release (2023 survey)
37105,NC,Lee,51479,25.1,24.4,12560.876,PLACES 2025 release (2023 survey)
37107,NC,Lenoir,42399,25.6,24.2,10260.557999999999,PLACES 2025 release (2023 survey)
37109,NC,Lincoln,76148,26.3,25.1,19113.148,PLACES 2025 release (2023 survey)
37111,NC,McDowell,36301,27.4,26.1,9474.561,PLACES 2025 release (2023 survey)
37113,NC,Macon,31394,27.8,25.4,7974.076,PLACES 2025 release (2023 survey)
37115,NC,Madison,18349,27.4,25.8,4734.042,PLACES 2025 release (2023 survey)
37117,NC,Martin,17125,25.9,23.8,4075.7500000000005,PLACES 2025 release (2023 survey)
37119,NC,Mecklenburg,901633,22.4,22.7,204670.691,PLACES 2025 release (2023 survey)
37121,NC,Mitchell,12283,27.5,25.6,3144.448,PLACES 2025 release (2023 survey)
37123,NC,Montgomery,20705,25.9,24.5,5072.724999999999,PLACES 2025 release (2023 survey)
37125,NC,Moore,83707,25.2,23.5,19671.145,PLACES 2025 release (2023 survey)
37127,NC,Nash,75392,23.8,22.8,17189.376,PLACES 2025 release (2023 survey)
37129,NC,New Hanover,197058,25.7,25.0,49264.5,PLACES 2025 release (2023 survey)
37131,NC,Northampton,13758,24.4,21.9,3013.0019999999995,PLACES 2025 release (2023 survey)
37133,NC,Onslow,160933,23.8,24.4,39267.652,PLACES 2025 release (2023 survey)
37135,NC,Orange,122940,24.4,24.4,29997.36,PLACES 2025 release (2023 survey)
37137,NC,Pamlico,10683,25.4,23.0,2457.09,PLACES 2025 release (2023 survey)
37139,NC,Pasquotank,32807,24.4,23.7,7775.259,PLACES 2025 release (2023 survey)
37141,NC,Pender,53105,25.8,24.8,13170.039999999999,PLACES 2025 release (2023 survey)
37143,NC,Perquimans,10937,26.2,23.7,2592.069,PLACES 2025 release (2023 survey)
37145,NC,Person,31541,26.2,24.8,7822.168,PLACES 2025 release (2023 survey)
37147,NC,Pitt,137875,25.0,25.2,34744.5,PLACES 2025 release (2023 survey)
37149,NC,Polk,17006,26.8,23.8,4047.4280000000003,PLACES 2025 release (2023 survey)
37151,NC,Randolph,114881,27.4,26.5,30443.465,PLACES 2025 release (2023 survey)
37153,NC,Richmond,32370,26.8,25.9,8383.83,PLACES 2025 release (2023 survey)
37155,NC,Robeson,86828,23.4,22.9,19883.611999999997,PLACES 2025 release (2023 survey)
37157,NC,Rockingham,73816,26.7,25.2,18601.632,PLACES 2025 release (2023 survey)
37159,NC,Rowan,118284,25.4,24.7,29216.148,PLACES 2025 release (2023 survey)
37161,NC,Rutherford,52439,28.3,26.7,14001.213000000002,PLACES 2025 release (2023 survey)
37163,NC,Sampson,44966,25.4,24.5,11016.67,PLACES 2025 release (2023 survey)
37165,NC,Scotland,26528,25.0,24.3,6446.304,PLACES 2025 release (2023 survey)
37167,NC,Stanly,51434,26.7,25.7,13218.538,PLACES 2025 release (2023 survey)
37169,NC,Stokes,37073,28.2,26.3,9750.199,PLACES 2025 release (2023 survey)
37171,NC,Surry,56528,28.4,27.0,15262.560000000001,PLACES 2025 release (2023 survey)
37173,NC,Swain,10906,27.9,26.7,2911.902,PLACES 2025 release (2023 survey)
37175,NC,Transylvania,28383,27.0,24.2,6868.686,PLACES 2025 release (2023 survey)
37177,NC,Tyrrell,2772,24.5,22.9,634.7879999999999,PLACES 2025 release (2023 survey)
37179,NC,Union,191719,24.6,24.1,46204.279,PLACES 2025 release (2023 survey)
37181,NC,Vance,32113,24.1,23.1,7418.103,PLACES 2025 release (2023 survey)
37183,NC,Wake,919538,23.1,23.1,212413.27800000002,PLACES 2025 release (2023 survey)
37185,NC,Warren,15503,24.0,22.2,3441.666,PLACES 2025 release (2023 survey)
37187,NC,Washington,8617,25.6,23.4,2016.378,PLACES 2025 release (2023 survey)
37189,NC,Watauga,48121,28.1,28.5,13714.484999999999,PLACES 2025 release (2023 survey)
37191,NC,Wayne,90368,24.8,24.2,21869.056,PLACES 2025 release (2023 survey)
37193,NC,Wilkes,52999,28.5,26.8,14203.732,PLACES 2025 release (2023 survey)
37195,NC,Wilson,60928,24.8,23.8,14500.864000000001,PLACES 2025 release (2023 survey)
37197,NC,Yadkin,30051,27.7,26.3,7903.4130000000005,PLACES 2025 release (2023 survey)
37199,NC,Yancey,15582,28.3,26.1,4066.902,PLACES 2025 release (2023 survey)
38001,ND,Adams,1737,21.6,19.1,331.767,PLACES 2025 release (2023 survey)
38003,ND,Barnes,8591,21.4,20.0,1718.2,PLACES 2025 release (2023 survey)
38005,ND,Benson,3810,22.2,21.5,819.15,PLACES 2025 release (2023 survey)
38007,ND,Billings,812,20.3,18.6,151.032,PLACES 2025 release (2023 survey)
38009,ND,Bottineau,4933,21.0,19.2,947.136,PLACES 2025 release (2023 survey)
38011,ND,Bowman,2165,21.0,19.2,415.68,PLACES 2025 release (2023 survey)
38013,ND,Burke,1599,21.0,19.3,308.607,PLACES 2025 release (2023 survey)
38015,ND,Burleigh,76833,19.8,19.1,14675.103000000001,PLACES 2025 release (2023 survey)
38017,ND,Cass,152955,23.4,23.8,36403.29,PLACES 2025 release (2023 survey)
38019,ND,Cavalier,2772,21.3,19.0,526.68,PLACES 2025 release (2023 survey)
38021,ND,Dickey,3734,21.4,20.3,758.0020000000001,PLACES 2025 release (2023 survey)
38023,ND,Divide,1615,21.5,19.3,311.695,PLACES 2025 release (2023 survey)
38025,ND,Dunn,2975,20.7,19.7,586.0749999999999,PLACES 2025 release (2023 survey)
38027,ND,Eddy,1680,22.0,20.4,342.71999999999997,PLACES 2025 release (2023 survey)
38029,ND,Emmons,2561,21.6,19.0,486.59000000000003,PLACES 2025 release (2023 survey)
38031,ND,Foster,2554,21.6,19.8,505.692,PLACES 2025 release (2023 survey)
38033,ND,Golden Valley,1411,22.2,19.9,280.789,PLACES 2025 release (2023 survey)
38035,ND,Grand Forks,57336,22.7,23.0,13187.28,PLACES 2025 release (2023 survey)
38037,ND,Grant,1740,22.5,19.6,341.04,PLACES 2025 release (2023 survey)
38039,ND,Griggs,1789,20.8,18.1,323.809,PLACES 2025 release (2023 survey)
38041,ND,Hettinger,1825,21.9,20.0,365.0,PLACES 2025 release (2023 survey)
38043,ND,Kidder,1833,22.1,19.7,361.10099999999994,PLACES 2025 release (2023 survey)
38045,ND,LaMoure,3206,21.1,18.8,602.728,PLACES 2025 release (2023 survey)
38047,ND,Logan,1414,22.0,19.7,278.558,PLACES 2025 release (2023 survey)
38049,ND,McHenry,3898,21.4,19.8,771.8040000000001,PLACES 2025 release (2023 survey)
38051,ND,McIntosh,1958,21.8,19.1,373.978,PLACES 2025 release (2023 survey)
38053,ND,McKenzie,9705,20.5,20.8,2018.64,PLACES 2025 release (2023 survey)
38055,ND,McLean,7747,21.9,19.8,1533.9060000000002,PLACES 2025 release (2023 survey)
38057,ND,Mercer,6371,21.6,19.9,1267.829,PLACES 2025 release (2023 survey)
38059,ND,Morton,25862,21.6,21.0,5431.0199999999995,PLACES 2025 release (2023 survey)
38061,ND,Mountrail,6651,20.7,20.5,1363.455,PLACES 2025 release (2023 survey)
38063,ND,Nelson,2397,21.6,19.4,465.018,PLACES 2025 release (2023 survey)
38065,ND,Oliver,1434,20.9,19.0,272.46,PLACES 2025 release (2023 survey)
38067,ND,Pembina,5261,21.6,19.7,1036.417,PLACES 2025 release (2023 survey)
38069,ND,Pierce,3000,22.0,20.2,606.0,PLACES 2025 release (2023 survey)
38071,ND,Ramsey,8724,21.9,20.5,1788.4199999999998,PLACES 2025 release (2023 survey)
38073,ND,Ransom,4390,21.4,19.9,873.6099999999999,PLACES 2025 release (2023 survey)
38075,ND,Renville,1757,21.1,19.7,346.12899999999996,PLACES 2025 release (2023 survey)
38077,ND,Richland,13011,22.6,21.6,2810.376,PLACES 2025 release (2023 survey)
38079,ND,Rolette,7935,22.2,22.0,1745.7,PLACES 2025 release (2023 survey)
38081,ND,Sargent,2992,20.9,19.5,583.44,PLACES 2025 release (2023 survey)
38083,ND,Sheridan,1018,22.5,18.9,192.402,PLACES 2025 release (2023 survey)
38085,ND,Sioux,2396,23.7,23.9,572.644,PLACES 2025 release (2023 survey)
38087,ND,Slope,550,21.2,18.6,102.30000000000001,PLACES 2025 release (2023 survey)
38089,ND,Stark,23903,19.8,19.7,4708.891,PLACES 2025 release (2023 survey)
38091,ND,Steele,1384,21.5,19.5,269.88,PLACES 2025 release (2023 survey)
38093,ND,Stutsman,17062,21.5,20.6,3514.7720000000004,PLACES 2025 release (2023 survey)
38095,ND,Towner,1581,22.3,20.0,316.20000000000005,PLACES 2025 release (2023 survey)
38097,ND,Traill,6099,20.7,19.5,1189.305,PLACES 2025 release (2023 survey)
38099,ND,Walsh,7893,20.9,19.4,1531.2419999999997,PLACES 2025 release (2023 survey)
38101,ND,Ward,51945,20.6,20.5,10648.724999999999,PLACES 2025 release (2023 survey)
38103,ND,Wells,3059,21.8,19.2,587.328,PLACES 2025 release (2023 survey)
38105,ND,Williams,27329,20.8,21.2,5793.748,PLACES 2025 release (2023 survey)
39001,OH,Adams,20867,27.9,26.6,5550.622,PLACES 2025 release (2023 survey)
39003,OH,Allen,77234,28.2,27.2,21007.648,PLACES 2025 release (2023 survey)
39005,OH,Ashland,40545,27.4,26.0,10541.7,PLACES 2025 release (2023 survey)
39007,OH,Ashtabula,75784,29.0,27.7,20992.167999999998,PLACES 2025 release (2023 survey)
39009,OH,Athens,53669,30.0,30.5,16369.045,PLACES 2025 release (2023 survey)
39011,OH,Auglaize,35144,26.1,24.8,8715.712,PLACES 2025 release (2023 survey)
39013,OH,Belmont,52858,27.3,26.0,13743.08,PLACES 2025 release (2023 survey)
39015,OH,Brown,33846,28.7,27.3,9239.958,PLACES 2025 release (2023 survey)
39017,OH,Butler,302288,26.1,25.7,77688.016,PLACES 2025 release (2023 survey)
39019,OH,Carroll,21195,27.4,25.5,5404.725,PLACES 2025 release (2023 survey)
39021,OH,Champaign,30357,26.8,25.5,7741.035,PLACES 2025 release (2023 survey)
39023,OH,Clark,104368,28.1,26.7,27866.256,PLACES 2025 release (2023 survey)
39025,OH,Clermont,165743,26.7,25.7,42595.951,PLACES 2025 release (2023 survey)
39027,OH,Clinton,32506,27.4,26.2,8516.572,PLACES 2025 release (2023 survey)
39029,OH,Columbiana,80055,26.7,25.1,20093.805,PLACES 2025 release (2023 survey)
39031,OH,Coshocton,28085,29.2,27.7,7779.544999999999,PLACES 2025 release (2023 survey)
39033,OH,Crawford,32618,28.5,26.9,8774.241999999998,PLACES 2025 release (2023 survey)
39035,OH,Cuyahoga,982384,24.7,23.9,234789.77599999998,PLACES 2025 release (2023 survey)
39037,OH,Darke,39329,28.2,26.6,10461.514000000001,PLACES 2025 release (2023 survey)
39039,OH,Defiance,29722,26.2,25.0,7430.5,PLACES 2025 release (2023 survey)
39041,OH,Delaware,175070,21.6,21.0,36764.7,PLACES 2025 release (2023 survey)
39043,OH,Erie,59711,26.2,24.5,14629.195,PLACES 2025 release (2023 survey)
39045,OH,Fairfield,125997,26.1,25.3,31877.241,PLACES 2025 release (2023 survey)
39047,OH,Fayette,22051,27.9,26.8,5909.668000000001,PLACES 2025 release (2023 survey)
39049,OH,Franklin,1019364,25.6,25.8,262995.912,PLACES 2025 release (2023 survey)
39051,OH,Fulton,32339,25.9,24.7,7987.733,PLACES 2025 release (2023 survey)
39053,OH,Gallia,22229,29.7,28.3,6290.807000000001,PLACES 2025 release (2023 survey)
39055,OH,Geauga,74443,25.1,23.3,17345.219,PLACES 2025 release (2023 survey)
39057,OH,Greene,135071,24.9,24.2,32687.182,PLACES 2025 release (2023 survey)
39059,OH,Guernsey,29668,28.7,27.3,8099.3640000000005,PLACES 2025 release (2023 survey)
39061,OH,Hamilton,638290,25.9,25.4,162125.66,PLACES 2025 release (2023 survey)
39063,OH,Hancock,58554,26.0,25.1,14697.054,PLACES 2025 release (2023 survey)
39065,OH,Hardin,23282,27.5,27.1,6309.4220000000005,PLACES 2025 release (2023 survey)
39067,OH,Harrison,11246,28.7,26.8,3013.9280000000003,PLACES 2025 release (2023 survey)
39069,OH,Henry,21192,26.1,24.8,5255.616,PLACES 2025 release (2023 survey)
39071,OH,Highland,33239,28.7,27.4,9107.485999999999,PLACES 2025 release (2023 survey)
39073,OH,Hocking,21637,28.7,27.1,5863.627,PLACES 2025 release (2023 survey)
39075,OH,Holmes,31037,29.8,29.3,9093.841,PLACES 2025 release (2023 survey)
39077,OH,Huron,44611,26.8,25.7,11465.027,PLACES 2025 release (2023 survey)
39079,OH,Jackson,24867,29.9,28.9,7186.562999999999,PLACES 2025 release (2023 survey)
39081,OH,Jefferson,51564,29.4,27.8,14334.792000000001,PLACES 2025 release (2023 survey)
39083,OH,Knox,48925,26.8,25.7,12573.725,PLACES 2025 release (2023 survey)
39085,OH,Lake,187614,25.9,24.6,46153.044,PLACES 2025 release (2023 survey)
39087,OH,Lawrence,44136,28.8,27.4,12093.264,PLACES 2025 release (2023 survey)
39089,OH,Licking,141689,26.7,25.8,36555.762,PLACES 2025 release (2023 survey)
39091,OH,Logan,35588,26.7,25.4,9039.352,PLACES 2025 release (2023 survey)
39093,OH,Lorain,249779,26.4,25.2,62944.308,PLACES 2025 release (2023 survey)
39095,OH,Lucas,329145,26.9,26.2,86235.99,PLACES 2025 release (2023 survey)
39097,OH,Madison,35840,25.2,24.7,8852.48,PLACES 2025 release (2023 survey)
39099,OH,Mahoning,179979,25.9,24.5,44094.854999999996,PLACES 2025 release (2023 survey)
39101,OH,Marion,50931,28.2,27.3,13904.163,PLACES 2025 release (2023 survey)
39103,OH,Medina,145211,25.2,23.9,34705.429,PLACES 2025 release (2023 survey)
39105,OH,Meigs,17309,29.4,27.7,4794.593,PLACES 2025 release (2023 survey)
39107,OH,Mercer,31313,26.1,24.9,7796.937,PLACES 2025 release (2023 survey)
39109,OH,Miami,85630,26.6,25.3,21664.39,PLACES 2025 release (2023 survey)
39111,OH,Monroe,10468,28.7,26.6,2784.4880000000003,PLACES 2025 release (2023 survey)
39113,OH,Montgomery,415836,26.7,25.9,107701.524,PLACES 2025 release (2023 survey)
39115,OH,Morgan,10828,28.3,26.5,2869.42,PLACES 2025 release (2023 survey)
39117,OH,Morrow,27894,26.7,25.4,7085.076,PLACES 2025 release (2023 survey)
39119,OH,Muskingum,66808,29.0,27.8,18572.624000000003,PLACES 2025 release (2023 survey)
39121,OH,Noble,11564,27.3,23.4,2705.9759999999997,PLACES 2025 release (2023 survey)
39123,OH,Ottawa,32975,25.9,23.6,7782.1,PLACES 2025 release (2023 survey)
39125,OH,Paulding,14290,27.1,25.7,3672.53,PLACES 2025 release (2023 survey)
39127,OH,Perry,27260,28.2,27.0,7360.200000000001,PLACES 2025 release (2023 survey)
39129,OH,Pickaway,47959,27.4,26.9,12900.970999999998,PLACES 2025 release (2023 survey)
39131,OH,Pike,20683,30.5,29.2,6039.436,PLACES 2025 release (2023 survey)
39133,OH,Portage,133435,25.1,24.6,32825.01,PLACES 2025 release (2023 survey)
39135,OH,Preble,31595,27.5,26.0,8214.7,PLACES 2025 release (2023 survey)
39137,OH,Putnam,25492,25.5,24.2,6169.063999999999,PLACES 2025 release (2023 survey)
39139,OH,Richland,97954,27.3,26.2,25663.948,PLACES 2025 release (2023 survey)
39141,OH,Ross,60465,28.8,27.9,16869.734999999997,PLACES 2025 release (2023 survey)
39143,OH,Sandusky,46050,26.2,25.0,11512.5,PLACES 2025 release (2023 survey)
39145,OH,Scioto,56470,30.4,29.3,16545.71,PLACES 2025 release (2023 survey)
39147,OH,Seneca,42948,26.4,25.4,10908.792,PLACES 2025 release (2023 survey)
39149,OH,Shelby,36087,26.7,25.6,9238.272,PLACES 2025 release (2023 survey)
39151,OH,Stark,292739,26.4,25.1,73477.489,PLACES 2025 release (2023 survey)
39153,OH,Summit,425767,26.8,25.8,109847.886,PLACES 2025 release (2023 survey)
39155,OH,Trumbull,159197,27.2,25.6,40754.432,PLACES 2025 release (2023 survey)
39157,OH,Tuscarawas,70742,26.2,24.9,17614.758,PLACES 2025 release (2023 survey)
39159,OH,Union,53037,24.4,24.2,12834.954,PLACES 2025 release (2023 survey)
39161,OH,Van Wert,22097,27.1,25.7,5678.929,PLACES 2025 release (2023 survey)
39163,OH,Vinton,9815,29.4,28.1,2758.0150000000003,PLACES 2025 release (2023 survey)
39165,OH,Warren,192654,23.3,22.7,43732.458,PLACES 2025 release (2023 survey)
39167,OH,Washington,47177,27.5,25.8,12171.666000000001,PLACES 2025 release (2023 survey)
39169,OH,Wayne,88780,26.5,25.4,22550.12,PLACES 2025 release (2023 survey)
39171,OH,Williams,28607,27.1,25.8,7380.606,PLACES 2025 release (2023 survey)
39173,OH,Wood,106092,27.8,27.6,29281.392000000003,PLACES 2025 release (2023 survey)
39175,OH,Wyandot,16768,26.1,24.6,4124.928000000001,PLACES 2025 release (2023 survey)
40001,OK,Adair,14357,27.0,26.3,3775.891,PLACES 2025 release (2023 survey)
40003,OK,Alfalfa,4620,23.9,22.6,1044.1200000000001,PLACES 2025 release (2023 survey)
40005,OK,Atoka,11475,25.6,24.8,2845.8,PLACES 2025 release (2023 survey)
40007,OK,Beaver,3798,24.0,22.9,869.742,PLACES 2025 release (2023 survey)
40009,OK,Beckham,16887,24.5,24.3,4103.541,PLACES 2025 release (2023 survey)
40011,OK,Blaine,6321,25.9,24.6,1554.9660000000001,PLACES 2025 release (2023 survey)
40013,OK,Bryan,37465,27.6,27.0,10115.550000000001,PLACES 2025 release (2023 survey)
40015,OK,Caddo,20174,24.4,24.2,4882.108,PLACES 2025 release (2023 survey)
40017,OK,Canadian,131131,24.9,24.8,32520.488,PLACES 2025 release (2023 survey)
40019,OK,Carter,36523,26.2,25.5,9313.365,PLACES 2025 release (2023 survey)
40021,OK,Cherokee,37972,25.9,25.3,9606.916,PLACES 2025 release (2023 survey)
40023,OK,Choctaw,10723,26.8,25.3,2712.919,PLACES 2025 release (2023 survey)
40025,OK,Cimarron,1605,23.6,21.5,345.075,PLACES 2025 release (2023 survey)
40027,OK,Cleveland,240814,25.5,25.5,61407.57,PLACES 2025 release (2023 survey)
40029,OK,Coal,4013,29.0,27.5,1103.575,PLACES 2025 release (2023 survey)
40031,OK,Comanche,92715,25.0,25.1,23271.465,PLACES 2025 release (2023 survey)
40033,OK,Cotton,4179,27.1,25.6,1069.824,PLACES 2025 release (2023 survey)
40035,OK,Craig,11115,27.1,26.0,2889.9,PLACES 2025 release (2023 survey)
40037,OK,Creek,56335,26.0,24.9,14027.414999999999,PLACES 2025 release (2023 survey)
40039,OK,Custer,21204,26.0,25.9,5491.836,PLACES 2025 release (2023 survey)
40041,OK,Delaware,33484,27.5,25.4,8504.936,PLACES 2025 release (2023 survey)
40043,OK,Dewey,3145,26.1,24.8,779.96,PLACES 2025 release (2023 survey)
40045,OK,Ellis,2849,26.2,24.2,689.458,PLACES 2025 release (2023 survey)
40047,OK,Garfield,46027,23.5,22.9,10540.182999999999,PLACES 2025 release (2023 survey)
40049,OK,Garvin,19354,26.9,25.9,5012.686000000001,PLACES 2025 release (2023 survey)
40051,OK,Grady,44065,24.7,23.9,10531.535,PLACES 2025 release (2023 survey)
40053,OK,Grant,3090,26.1,24.2,747.78,PLACES 2025 release (2023 survey)
40055,OK,Greer,4363,24.4,23.9,1042.757,PLACES 2025 release (2023 survey)
40057,OK,Harmon,1769,24.4,23.2,410.40799999999996,PLACES 2025 release (2023 survey)
40059,OK,Harper,2450,24.5,23.3,570.85,PLACES 2025 release (2023 survey)
40061,OK,Haskell,9053,26.8,25.4,2299.462,PLACES 2025 release (2023 survey)
40063,OK,Hughes,10505,25.8,25.3,2657.765,PLACES 2025 release (2023 survey)
40065,OK,Jackson,18482,25.0,24.6,4546.572,PLACES 2025 release (2023 survey)
40067,OK,Jefferson,4030,27.0,25.4,1023.62,PLACES 2025 release (2023 survey)
40069,OK,Johnston,7851,27.9,26.9,2111.919,PLACES 2025 release (2023 survey)
40071,OK,Kay,32842,27.6,26.5,8703.130000000001,PLACES 2025 release (2023 survey)
40073,OK,Kingfisher,11404,24.3,23.6,2691.344,PLACES 2025 release (2023 survey)
40075,OK,Kiowa,6366,26.9,25.4,1616.964,PLACES 2025 release (2023 survey)
40077,OK,Latimer,7375,27.8,26.2,1932.25,PLACES 2025 release (2023 survey)
40079,OK,Le Flore,37373,26.7,25.9,9679.607,PLACES 2025 release (2023 survey)
40081,OK,Lincoln,26523,26.8,25.5,6763.365,PLACES 2025 release (2023 survey)
40083,OK,Logan,41523,25.3,24.5,10173.135,PLACES 2025 release (2023 survey)
40085,OK,Love,7849,25.8,24.8,1946.552,PLACES 2025 release (2023 survey)
40087,OK,McClain,35436,25.8,25.2,8929.872,PLACES 2025 release (2023 survey)
40089,OK,McCurtain,22566,26.4,25.5,5754.33,PLACES 2025 release (2023 survey)
40091,OK,McIntosh,15584,28.3,26.1,4067.424,PLACES 2025 release (2023 survey)
40093,OK,Major,5641,25.8,24.2,1365.122,PLACES 2025 release (2023 survey)
40095,OK,Marshall,12272,26.2,24.6,3018.9120000000003,PLACES 2025 release (2023 survey)
40097,OK,Mayes,30559,26.1,25.1,7670.309,PLACES 2025 release (2023 survey)
40099,OK,Murray,10683,26.1,24.5,2617.335,PLACES 2025 release (2023 survey)
40101,OK,Muskogee,50493,26.8,26.1,13178.673,PLACES 2025 release (2023 survey)
40103,OK,Noble,8403,26.9,25.3,2125.959,PLACES 2025 release (2023 survey)
40105,OK,Nowata,7235,27.0,25.7,1859.395,PLACES 2025 release (2023 survey)
40107,OK,Okfuskee,8773,26.6,25.7,2254.661,PLACES 2025 release (2023 survey)
40109,OK,Oklahoma,605014,25.1,25.0,151253.5,PLACES 2025 release (2023 survey)
40111,OK,Okmulgee,28317,26.7,25.7,7277.469,PLACES 2025 release (2023 survey)
40113,OK,Osage,36541,25.4,24.0,8769.84,PLACES 2025 release (2023 survey)
40115,OK,Ottawa,22537,27.9,27.0,6084.990000000001,PLACES 2025 release (2023 survey)
40117,OK,Pawnee,12110,27.4,26.0,3148.6,PLACES 2025 release (2023 survey)
40119,OK,Payne,68128,25.3,26.0,17713.28,PLACES 2025 release (2023 survey)
40121,OK,Pittsburg,33556,26.1,25.0,8389.0,PLACES 2025 release (2023 survey)
40123,OK,Pontotoc,28720,26.0,25.3,7266.16,PLACES 2025 release (2023 survey)
40125,OK,Pottawatomie,56848,26.5,25.9,14723.632,PLACES 2025 release (2023 survey)
40127,OK,Pushmataha,8446,28.9,27.0,2280.42,PLACES 2025 release (2023 survey)
40129,OK,Roger Mills,2502,26.3,24.6,615.4920000000001,PLACES 2025 release (2023 survey)
40131,OK,Rogers,77057,25.4,24.6,18956.022,PLACES 2025 release (2023 survey)
40133,OK,Seminole,17848,28.7,27.6,4926.048000000001,PLACES 2025 release (2023 survey)
40135,OK,Sequoyah,30639,28.0,26.8,8211.252,PLACES 2025 release (2023 survey)
40137,OK,Stephens,33994,26.8,25.4,8634.476,PLACES 2025 release (2023 survey)
40139,OK,Texas,14549,22.2,22.2,3229.878,PLACES 2025 release (2023 survey)
40141,OK,Tillman,5259,24.7,23.4,1230.606,PLACES 2025 release (2023 survey)
40143,OK,Tulsa,513124,27.5,27.2,139569.728,PLACES 2025 release (2023 survey)
40145,OK,Wagoner,68338,25.2,24.5,16742.81,PLACES 2025 release (2023 survey)
40147,OK,Washington,40761,27.7,26.5,10801.665,PLACES 2025 release (2023 survey)
40149,OK,Washita,8159,26.3,24.9,2031.591,PLACES 2025 release (2023 survey)
40151,OK,Woods,6777,26.6,26.0,1762.02,PLACES 2025 release (2023 survey)
40153,OK,Woodward,15150,24.7,24.1,3651.15,PLACES 2025 release (2023 survey)
41001,OR,Baker,13632,28.0,25.7,3503.424,PLACES 2025 release (2023 survey)
41003,OR,Benton,82818,26.8,26.7,22112.406000000003,PLACES 2025 release (2023 survey)
41005,OR,Clackamas,336240,28.7,27.5,92466.00000000001,PLACES 2025 release (2023 survey)
41007,OR,Clatsop,33906,28.3,26.4,8951.184000000001,PLACES 2025 release (2023 survey)
41009,OR,Columbia,43031,28.6,27.3,11747.463000000002,PLACES 2025 release (2023 survey)
41011,OR,Coos,53139,28.8,26.4,14028.696,PLACES 2025 release (2023 survey)
41013,OR,Crook,21698,28.6,26.7,5793.366,PLACES 2025 release (2023 survey)
41015,OR,Curry,20052,28.8,25.3,5073.156,PLACES 2025 release (2023 survey)
41017,OR,Deschutes,169747,25.9,24.8,42097.256,PLACES 2025 release (2023 survey)
41019,OR,Douglas,90938,29.4,27.2,24735.136000000002,PLACES 2025 release (2023 survey)
41021,OR,Gilliam,1628,29.2,26.2,426.536,PLACES 2025 release (2023 survey)
41023,OR,Grant,5880,28.9,25.7,1511.16,PLACES 2025 release (2023 survey)
41025,OR,Harney,5975,29.6,27.1,1619.2250000000001,PLACES 2025 release (2023 survey)
41027,OR,Hood River,18605,24.8,23.9,4446.595,PLACES 2025 release (2023 survey)
41029,OR,Jackson,176206,27.9,26.3,46342.178,PLACES 2025 release (2023 survey)
41031,OR,Jefferson,19812,26.4,25.5,5052.06,PLACES 2025 release (2023 survey)
41033,OR,Josephine,70969,29.3,27.0,19161.63,PLACES 2025 release (2023 survey)
41035,OR,Klamath,54838,28.8,27.3,14970.774000000001,PLACES 2025 release (2023 survey)
41037,OR,Lake,6626,28.1,26.2,1736.0120000000002,PLACES 2025 release (2023 survey)
41039,OR,Lane,315520,28.3,27.4,86452.48,PLACES 2025 release (2023 survey)
41041,OR,Lincoln,43034,29.2,26.5,11404.01,PLACES 2025 release (2023 survey)
41043,OR,Linn,102778,31.6,30.5,31347.29,PLACES 2025 release (2023 survey)
41045,OR,Malheur,23797,25.3,24.8,5901.656,PLACES 2025 release (2023 survey)
41047,OR,Marion,266110,27.7,27.2,72381.92,PLACES 2025 release (2023 survey)
41049,OR,Morrow,8929,26.5,25.9,2312.611,PLACES 2025 release (2023 survey)
41051,OR,Multnomah,653269,29.9,29.9,195327.43099999998,PLACES 2025 release (2023 survey)
41053,OR,Polk,70598,27.8,27.0,19061.460000000003,PLACES 2025 release (2023 survey)
41055,OR,Sherman,1533,28.9,26.4,404.71200000000005,PLACES 2025 release (2023 survey)
41057,OR,Tillamook,22499,27.6,25.4,5714.746,PLACES 2025 release (2023 survey)
41059,OR,Umatilla,60628,23.8,23.5,14247.58,PLACES 2025 release (2023 survey)
41061,OR,Union,20317,28.7,27.3,5546.541,PLACES 2025 release (2023 survey)
41063,OR,Wallowa,6171,28.4,25.6,1579.776,PLACES 2025 release (2023 survey)
41065,OR,Wasco,20804,27.6,26.4,5492.256,PLACES 2025 release (2023 survey)
41067,OR,Washington,472361,25.1,24.9,117617.889,PLACES 2025 release (2023 survey)
41069,OR,Wheeler,1267,29.1,25.3,320.551,PLACES 2025 release (2023 survey)
41071,OR,Yamhill,86173,25.6,24.8,21370.904,PLACES 2025 release (2023 survey)
44001,RI,Bristol,41462,24.7,23.4,9702.108,PLACES 2025 release (2023 survey)
44003,RI,Kent,140721,25.8,24.7,34758.087,PLACES 2025 release (2023 survey)
44005,RI,Newport,70797,24.1,22.4,15858.527999999998,PLACES 2025 release (2023 survey)
44007,RI,Providence,528665,23.4,23.1,122121.615,PLACES 2025 release (2023 survey)
44009,RI,Washington,110479,23.4,22.1,24415.859,PLACES 2025 release (2023 survey)
45001,SC,Abbeville,19650,24.8,23.2,4558.799999999999,PLACES 2025 release (2023 survey)
45003,SC,Aiken,139026,23.8,22.7,31558.902,PLACES 2025 release (2023 survey)
45005,SC,Allendale,6040,20.4,19.6,1183.8400000000001,PLACES 2025 release (2023 survey)
45007,SC,Anderson,165138,26.8,25.9,42770.742,PLACES 2025 release (2023 survey)
45009,SC,Bamberg,10549,21.5,20.1,2120.349,PLACES 2025 release (2023 survey)
45011,SC,Barnwell,15569,23.5,22.4,3487.4559999999997,PLACES 2025 release (2023 survey)
45013,SC,Beaufort,165010,19.5,18.0,29701.8,PLACES 2025 release (2023 survey)
45015,SC,Berkeley,195733,22.6,22.4,43844.191999999995,PLACES 2025 release (2023 survey)
45017,SC,Calhoun,11559,22.9,21.2,2450.508,PLACES 2025 release (2023 survey)
45019,SC,Charleston,342698,21.8,21.3,72994.674,PLACES 2025 release (2023 survey)
45021,SC,Cherokee,43778,24.9,24.1,10550.498000000001,PLACES 2025 release (2023 survey)
45023,SC,Chester,25136,24.1,23.0,5781.280000000001,PLACES 2025 release (2023 survey)
45025,SC,Chesterfield,34239,24.2,23.1,7909.209000000001,PLACES 2025 release (2023 survey)
45027,SC,Clarendon,25502,23.5,22.0,5610.44,PLACES 2025 release (2023 survey)
45029,SC,Colleton,29998,23.9,22.6,6779.548,PLACES 2025 release (2023 survey)
45031,SC,Darlington,48521,23.9,22.9,11111.309,PLACES 2025 release (2023 survey)
45033,SC,Dillon,20691,23.7,22.8,4717.548,PLACES 2025 release (2023 survey)
45035,SC,Dorchester,129270,22.1,21.7,28051.59,PLACES 2025 release (2023 survey)
45037,SC,Edgefield,23040,21.3,20.6,4746.240000000001,PLACES 2025 release (2023 survey)
45039,SC,Fairfield,16771,22.1,20.6,3454.8260000000005,PLACES 2025 release (2023 survey)
45041,SC,Florence,104925,23.5,22.7,23817.975,PLACES 2025 release (2023 survey)
45043,SC,Georgetown,54866,21.9,19.8,10863.468,PLACES 2025 release (2023 survey)
45045,SC,Greenville,430899,22.3,21.8,93935.982,PLACES 2025 release (2023 survey)
45047,SC,Greenwood,54014,24.6,23.6,12747.304,PLACES 2025 release (2023 survey)
45049,SC,Hampton,14442,21.9,21.1,3047.262,PLACES 2025 release (2023 survey)
45051,SC,Horry,331067,23.1,21.5,71179.405,PLACES 2025 release (2023 survey)
45053,SC,Jasper,27540,21.3,20.6,5673.240000000001,PLACES 2025 release (2023 survey)
45055,SC,Kershaw,53629,22.8,21.9,11744.750999999998,PLACES 2025 release (2023 survey)
45057,SC,Lancaster,84913,23.2,22.1,18765.773,PLACES 2025 release (2023 survey)
45059,SC,Laurens,53894,24.4,23.4,12611.196,PLACES 2025 release (2023 survey)
45061,SC,Lee,12947,21.9,21.1,2731.8170000000005,PLACES 2025 release (2023 survey)
45063,SC,Lexington,238788,25.1,24.4,58264.272,PLACES 2025 release (2023 survey)
45065,SC,McCormick,8927,20.7,18.8,1678.276,PLACES 2025 release (2023 survey)
45067,SC,Marion,22259,22.8,21.6,4807.944,PLACES 2025 release (2023 survey)
45069,SC,Marlboro,20526,22.5,21.8,4474.668,PLACES 2025 release (2023 survey)
45071,SC,Newberry,30495,23.1,22.1,6739.395,PLACES 2025 release (2023 survey)
45073,SC,Oconee,65941,26.9,25.0,16485.25,PLACES 2025 release (2023 survey)
45075,SC,Orangeburg,65211,22.6,21.4,13955.154,PLACES 2025 release (2023 survey)
45077,SC,Pickens,110529,25.8,25.4,28074.366,PLACES 2025 release (2023 survey)
45079,SC,Richland,334065,22.1,22.3,74496.495,PLACES 2025 release (2023 survey)
45081,SC,Saluda,14912,22.5,21.4,3191.168,PLACES 2025 release (2023 survey)
45083,SC,Spartanburg,273436,24.6,24.1,65898.076,PLACES 2025 release (2023 survey)
45085,SC,Sumter,79564,21.7,21.0,16708.44,PLACES 2025 release (2023 survey)
45087,SC,Union,21101,24.9,23.4,4937.634,PLACES 2025 release (2023 survey)
45089,SC,Williamsburg,24199,21.1,20.0,4839.8,PLACES 2025 release (2023 survey)
45091,SC,York,228347,22.4,21.9,50007.992999999995,PLACES 2025 release (2023 survey)
46003,SD,Aurora,2073,21.4,20.1,416.673,PLACES 2025 release (2023 survey)
46005,SD,Beadle,13979,21.1,20.4,2851.716,PLACES 2025 release (2023 survey)
46007,SD,Bennett,2277,22.8,22.4,510.04799999999994,PLACES 2025 release (2023 survey)
46009,SD,Bon Homme,5697,20.5,19.6,1116.612,PLACES 2025 release (2023 survey)
46011,SD,Brookings,28513,22.9,23.5,6700.554999999999,PLACES 2025 release (2023 survey)
46013,SD,Brown,28884,21.0,20.2,5834.567999999999,PLACES 2025 release (2023 survey)
46015,SD,Brule,4007,21.9,20.3,813.421,PLACES 2025 release (2023 survey)
46017,SD,Buffalo,1197,22.0,22.6,270.522,PLACES 2025 release (2023 survey)
46019,SD,Butte,8174,22.6,21.3,1741.062,PLACES 2025 release (2023 survey)
46021,SD,Campbell,1094,21.3,18.4,201.296,PLACES 2025 release (2023 survey)
46023,SD,Charles Mix,6401,22.2,20.9,1337.809,PLACES 2025 release (2023 survey)
46025,SD,Clark,2819,21.6,19.9,560.981,PLACES 2025 release (2023 survey)
46027,SD,Clay,12763,23.1,24.3,3101.409,PLACES 2025 release (2023 survey)
46029,SD,Codington,22438,22.5,21.3,4779.294,PLACES 2025 release (2023 survey)
46031,SD,Corson,2464,24.3,23.8,586.432,PLACES 2025 release (2023 survey)
46033,SD,Custer,7850,21.4,18.8,1475.8,PLACES 2025 release (2023 survey)
46035,SD,Davison,15293,21.5,20.4,3119.772,PLACES 2025 release (2023 survey)
46037,SD,Day,4249,21.9,19.7,837.0529999999999,PLACES 2025 release (2023 survey)
46039,SD,Deuel,3280,21.7,20.1,659.2800000000001,PLACES 2025 release (2023 survey)
46041,SD,Dewey,3180,22.0,22.1,702.78,PLACES 2025 release (2023 survey)
46043,SD,Douglas,2065,22.5,20.5,423.325,PLACES 2025 release (2023 survey)
46045,SD,Edmunds,3140,21.7,19.8,621.72,PLACES 2025 release (2023 survey)
46047,SD,Fall River,6194,22.5,20.0,1238.8000000000002,PLACES 2025 release (2023 survey)
46049,SD,Faulk,1581,23.2,21.1,333.591,PLACES 2025 release (2023 survey)
46051,SD,Grant,5865,21.2,19.4,1137.81,PLACES 2025 release (2023 survey)
46053,SD,Gregory,3034,22.3,20.1,609.8340000000001,PLACES 2025 release (2023 survey)
46055,SD,Haakon,1404,22.2,19.9,279.39599999999996,PLACES 2025 release (2023 survey)
46057,SD,Hamlin,4294,20.6,20.1,863.094,PLACES 2025 release (2023 survey)
46059,SD,Hand,2369,21.5,19.6,464.324,PLACES 2025 release (2023 survey)
46061,SD,Hanson,2506,22.6,21.8,546.308,PLACES 2025 release (2023 survey)
46063,SD,Harding,1009,21.2,19.7,198.77299999999997,PLACES 2025 release (2023 survey)
46065,SD,Hughes,13336,21.3,20.3,2707.208,PLACES 2025 release (2023 survey)
46067,SD,Hutchinson,5430,21.9,20.3,1102.29,PLACES 2025 release (2023 survey)
46069,SD,Hyde,913,22.4,20.6,188.078,PLACES 2025 release (2023 survey)
46071,SD,Jackson,1799,22.9,22.3,401.177,PLACES 2025 release (2023 survey)
46073,SD,Jerauld,1275,21.1,18.7,238.425,PLACES 2025 release (2023 survey)
46075,SD,Jones,664,22.1,19.6,130.144,PLACES 2025 release (2023 survey)
46077,SD,Kingsbury,3947,21.8,20.1,793.3470000000001,PLACES 2025 release (2023 survey)
46079,SD,Lake,8766,20.8,19.4,1700.6039999999998,PLACES 2025 release (2023 survey)
46081,SD,Lawrence,23472,21.8,20.4,4788.288,PLACES 2025 release (2023 survey)
46083,SD,Lincoln,54161,20.0,19.7,10669.716999999999,PLACES 2025 release (2023 survey)
46085,SD,Lyman,2689,21.8,20.8,559.312,PLACES 2025 release (2023 survey)
46087,SD,McCook,4149,21.7,20.5,850.545,PLACES 2025 release (2023 survey)
46089,SD,McPherson,1826,22.1,19.3,352.418,PLACES 2025 release (2023 survey)
46091,SD,Marshall,3294,20.5,19.1,629.154,PLACES 2025 release (2023 survey)
46093,SD,Meade,24546,23.0,22.6,5547.396,PLACES 2025 release (2023 survey)
46095,SD,Mellette,1291,23.6,22.8,294.348,PLACES 2025 release (2023 survey)
46097,SD,Miner,1744,21.9,19.9,347.056,PLACES 2025 release (2023 survey)
46099,SD,Minnehaha,154695,22.3,22.3,34496.985,PLACES 2025 release (2023 survey)
46101,SD,Moody,4742,20.5,19.3,915.206,PLACES 2025 release (2023 survey)
46102,SD,Oglala Lakota,8652,23.5,24.3,2102.436,PLACES 2025 release (2023 survey)
46103,SD,Pennington,90529,21.9,21.0,19011.09,PLACES 2025 release (2023 survey)
46105,SD,Perkins,2172,22.6,20.2,438.74399999999997,PLACES 2025 release (2023 survey)
46107,SD,Potter,1889,21.6,19.1,360.799,PLACES 2025 release (2023 survey)
46109,SD,Roberts,7288,21.9,20.5,1494.04,PLACES 2025 release (2023 survey)
46111,SD,Sanborn,1801,21.7,20.2,363.80199999999996,PLACES 2025 release (2023 survey)
46115,SD,Spink,4773,22.3,20.2,964.146,PLACES 2025 release (2023 survey)
46117,SD,Stanley,2361,21.5,20.0,472.20000000000005,PLACES 2025 release (2023 survey)
46119,SD,Sully,1195,20.8,18.8,224.66,PLACES 2025 release (2023 survey)
46121,SD,Todd,5411,23.4,24.2,1309.462,PLACES 2025 release (2023 survey)
46123,SD,Tripp,4341,22.4,20.6,894.2460000000001,PLACES 2025 release (2023 survey)
46125,SD,Turner,6748,21.7,20.4,1376.5919999999999,PLACES 2025 release (2023 survey)
46127,SD,Union,13101,20.9,19.9,2607.0989999999997,PLACES 2025 release (2023 survey)
46129,SD,Walworth,4009,21.5,19.8,793.782,PLACES 2025 release (2023 survey)
46135,SD,Yankton,18574,21.3,20.2,3751.948,PLACES 2025 release (2023 survey)
46137,SD,Ziebach,1744,23.1,23.1,402.86400000000003,PLACES 2025 release (2023 survey)
47001,TN,Anderson,63394,31.4,30.2,19144.988,PLACES 2025 release (2023 survey)
47003,TN,Bedford,39707,29.9,29.6,11753.272,PLACES 2025 release (2023 survey)
47005,TN,Benton,12855,31.6,29.4,3779.37,PLACES 2025 release (2023 survey)
47007,TN,Bledsoe,12741,30.3,29.0,3694.89,PLACES 2025 release (2023 survey)
47009,TN,Blount,113587,30.8,29.3,33280.990999999995,PLACES 2025 release (2023 survey)
47011,TN,Bradley,87424,29.5,28.7,25090.688,PLACES 2025 release (2023 survey)
47013,TN,Campbell,31958,32.5,31.0,9906.98,PLACES 2025 release (2023 survey)
47015,TN,Cannon,11758,31.5,30.3,3562.674,PLACES 2025 release (2023 survey)
47017,TN,Carroll,22607,31.1,29.7,6714.2789999999995,PLACES 2025 release (2023 survey)
47019,TN,Carter,47175,33.3,31.5,14860.125,PLACES 2025 release (2023 survey)
47021,TN,Cheatham,33283,29.4,28.7,9552.221,PLACES 2025 release (2023 survey)
47023,TN,Chester,13796,31.4,30.8,4249.168,PLACES 2025 release (2023 survey)
47025,TN,Claiborne,26424,32.2,30.9,8165.016,PLACES 2025 release (2023 survey)
47027,TN,Clay,6190,32.8,30.2,1869.3799999999999,PLACES 2025 release (2023 survey)
47029,TN,Cocke,29763,32.9,31.1,9256.293,PLACES 2025 release (2023 survey)
47031,TN,Coffee,46066,30.8,29.8,13727.668,PLACES 2025 release (2023 survey)
47033,TN,Crockett,10774,29.1,27.9,3005.9459999999995,PLACES 2025 release (2023 survey)
47035,TN,Cumberland,53834,32.4,29.1,15665.694000000001,PLACES 2025 release (2023 survey)
47037,TN,Davidson,566997,27.6,28.2,159893.15399999998,PLACES 2025 release (2023 survey)
47039,TN,Decatur,9281,32.5,30.4,2821.424,PLACES 2025 release (2023 survey)
47041,TN,DeKalb,16657,31.2,30.1,5013.757,PLACES 2025 release (2023 survey)
47043,TN,Dickson,44005,30.2,29.4,12937.47,PLACES 2025 release (2023 survey)
47045,TN,Dyer,27693,31.8,30.8,8529.444,PLACES 2025 release (2023 survey)
47047,TN,Fayette,36250,27.5,25.8,9352.5,PLACES 2025 release (2023 survey)
47049,TN,Fentress,15620,32.4,30.4,4748.48,PLACES 2025 release (2023 survey)
47051,TN,Franklin,36041,31.4,30.1,10848.341,PLACES 2025 release (2023 survey)
47053,TN,Gibson,38625,29.5,28.5,11008.124999999998,PLACES 2025 release (2023 survey)
47055,TN,Giles,24414,30.8,29.1,7104.474000000001,PLACES 2025 release (2023 survey)
47057,TN,Grainger,19943,31.6,29.9,5962.956999999999,PLACES 2025 release (2023 survey)
47059,TN,Greene,58898,31.0,29.3,17257.113999999998,PLACES 2025 release (2023 survey)
47061,TN,Grundy,10952,32.9,31.2,3417.024,PLACES 2025 release (2023 survey)
47063,TN,Hamblen,50439,31.0,30.1,15182.139,PLACES 2025 release (2023 survey)
47065,TN,Hamilton,299790,27.4,26.6,79744.14,PLACES 2025 release (2023 survey)
47067,TN,Hancock,5496,35.1,33.1,1819.1760000000002,PLACES 2025 release (2023 survey)
47069,TN,Hardeman,20544,26.3,25.8,5300.352,PLACES 2025 release (2023 survey)
47071,TN,Hardin,21759,32.4,30.2,6571.218,PLACES 2025 release (2023 survey)
47073,TN,Hawkins,47494,32.4,30.7,14580.658,PLACES 2025 release (2023 survey)
47075,TN,Haywood,13485,28.2,26.7,3600.4950000000003,PLACES 2025 release (2023 survey)
47077,TN,Henderson,21781,30.3,29.0,6316.49,PLACES 2025 release (2023 survey)
47079,TN,Henry,26072,32.6,30.4,7925.888,PLACES 2025 release (2023 survey)
47081,TN,Hickman,20399,30.6,29.7,6058.503,PLACES 2025 release (2023 survey)
47083,TN,Houston,6642,31.7,30.1,1999.242,PLACES 2025 release (2023 survey)
47085,TN,Humphreys,15251,31.6,30.1,4590.5509999999995,PLACES 2025 release (2023 survey)
47087,TN,Jackson,10099,32.6,30.6,3090.294,PLACES 2025 release (2023 survey)
47089,TN,Jefferson,46748,31.7,30.1,14071.148,PLACES 2025 release (2023 survey)
47091,TN,Johnson,15348,31.8,30.1,4619.748,PLACES 2025 release (2023 survey)
47093,TN,Knox,396548,31.0,30.7,121740.236,PLACES 2025 release (2023 survey)
47095,TN,Lake,5362,29.3,29.2,1565.704,PLACES 2025 release (2023 survey)
47097,TN,Lauderdale,19169,28.5,27.9,5348.151,PLACES 2025 release (2023 survey)
47099,TN,Lawrence,34552,33.2,32.0,11056.64,PLACES 2025 release (2023 survey)
47101,TN,Lewis,10217,31.9,30.2,3085.534,PLACES 2025 release (2023 survey)
47103,TN,Lincoln,28065,29.8,28.3,7942.395,PLACES 2025 release (2023 survey)
47105,TN,Loudon,49273,29.0,26.7,13155.891000000001,PLACES 2025 release (2023 survey)
47107,TN,McMinn,43829,30.7,29.2,12798.068,PLACES 2025 release (2023 survey)
47109,TN,McNairy,20543,31.8,30.2,6203.986,PLACES 2025 release (2023 survey)
47111,TN,Macon,20137,31.4,30.7,6182.059,PLACES 2025 release (2023 survey)
47113,TN,Madison,77007,27.7,26.9,20714.882999999998,PLACES 2025 release (2023 survey)
47115,TN,Marion,23402,32.1,30.4,7114.208,PLACES 2025 release (2023 survey)
47117,TN,Marshall,28299,30.9,30.1,8517.999,PLACES 2025 release (2023 survey)
47119,TN,Maury,85543,28.6,27.9,23866.496999999996,PLACES 2025 release (2023 survey)
47121,TN,Meigs,10945,32.0,30.2,3305.39,PLACES 2025 release (2023 survey)
47123,TN,Monroe,38727,32.6,30.8,11927.916,PLACES 2025 release (2023 survey)
47125,TN,Montgomery,176143,27.8,28.6,50376.89800000001,PLACES 2025 release (2023 survey)
47127,TN,Moore,5434,30.6,28.8,1564.9920000000002,PLACES 2025 release (2023 survey)
47129,TN,Morgan,17352,30.9,30.0,5205.599999999999,PLACES 2025 release (2023 survey)
47131,TN,Obion,23747,31.7,30.2,7171.594,PLACES 2025 release (2023 survey)
47133,TN,Overton,18448,32.0,30.6,5645.088,PLACES 2025 release (2023 survey)
47135,TN,Perry,6896,31.9,30.2,2082.592,PLACES 2025 release (2023 survey)
47137,TN,Pickett,4278,33.0,29.9,1279.1219999999998,PLACES 2025 release (2023 survey)
47139,TN,Polk,14655,32.1,30.5,4469.775,PLACES 2025 release (2023 survey)
47141,TN,Putnam,66450,29.2,28.9,19204.05,PLACES 2025 release (2023 survey)
47143,TN,Rhea,26584,31.5,30.2,8028.3679999999995,PLACES 2025 release (2023 survey)
47145,TN,Roane,45557,31.7,29.6,13484.872000000001,PLACES 2025 release (2023 survey)
47147,TN,Robertson,58419,28.8,28.3,16532.577,PLACES 2025 release (2023 survey)
47149,TN,Rutherford,277198,26.4,26.8,74289.064,PLACES 2025 release (2023 survey)
47151,TN,Scott,17051,33.7,32.7,5575.677000000001,PLACES 2025 release (2023 survey)
47153,TN,Sequatchie,13711,33.0,31.3,4291.543,PLACES 2025 release (2023 survey)
47155,TN,Sevier,78781,30.7,29.4,23161.613999999998,PLACES 2025 release (2023 survey)
47157,TN,Shelby,678990,25.2,24.9,169068.51,PLACES 2025 release (2023 survey)
47159,TN,Smith,15962,31.0,30.0,4788.599999999999,PLACES 2025 release (2023 survey)
47161,TN,Stewart,11296,30.6,29.0,3275.8399999999997,PLACES 2025 release (2023 survey)
47163,TN,Sullivan,131383,32.3,30.6,40203.198,PLACES 2025 release (2023 survey)
47165,TN,Sumner,160636,30.1,29.3,47066.348,PLACES 2025 release (2023 survey)
47167,TN,Tipton,47484,29.4,28.7,13627.908,PLACES 2025 release (2023 survey)
47169,TN,Trousdale,9953,28.6,29.2,2906.276,PLACES 2025 release (2023 survey)
47171,TN,Unicoi,14576,31.7,29.9,4358.224,PLACES 2025 release (2023 survey)
47173,TN,Union,16391,31.3,29.9,4900.909,PLACES 2025 release (2023 survey)
47175,TN,Van Buren,5159,31.7,29.5,1521.905,PLACES 2025 release (2023 survey)
47177,TN,Warren,32817,30.7,29.7,9746.649,PLACES 2025 release (2023 survey)
47179,TN,Washington,112911,31.8,30.9,34889.498999999996,PLACES 2025 release (2023 survey)
47181,TN,Wayne,13393,29.9,29.0,3883.97,PLACES 2025 release (2023 survey)
47183,TN,Weakley,26870,30.8,30.1,8087.87,PLACES 2025 release (2023 survey)
47185,TN,White,22572,32.9,31.4,7087.608,PLACES 2025 release (2023 survey)
47187,TN,Williamson,197303,25.6,24.7,48733.841,PLACES 2025 release (2023 survey)
47189,TN,Wilson,125684,27.6,27.0,33934.68,PLACES 2025 release (2023 survey)
48001,TX,Anderson,46379,22.1,22.0,10203.38,PLACES 2025 release (2023 survey)
48003,TX,Andrews,12871,21.8,22.1,2844.491,PLACES 2025 release (2023 survey)
48005,TX,Angelina,65255,24.9,24.3,15856.965,PLACES 2025 release (2023 survey)
48007,TX,Aransas,20864,24.3,22.4,4673.535999999999,PLACES 2025 release (2023 survey)
48009,TX,Archer,6979,25.3,23.8,1661.0020000000002,PLACES 2025 release (2023 survey)
48011,TX,Armstrong,1422,24.8,23.0,327.06,PLACES 2025 release (2023 survey)
48013,TX,Atascosa,38008,21.0,20.7,7867.656,PLACES 2025 release (2023 survey)
48015,TX,Austin,24216,23.2,22.1,5351.736,PLACES 2025 release (2023 survey)
48017,TX,Bailey,4676,21.6,21.2,991.312,PLACES 2025 release (2023 survey)
48019,TX,Bandera,18811,24.9,22.7,4270.097,PLACES 2025 release (2023 survey)
48021,TX,Bastrop,82035,22.2,21.9,17965.664999999997,PLACES 2025 release (2023 survey)
48023,TX,Baylor,2691,25.7,23.9,643.149,PLACES 2025 release (2023 survey)
48025,TX,Bee,24638,19.3,19.6,4829.048,PLACES 2025 release (2023 survey)
48027,TX,Bell,285194,24.4,24.7,70442.918,PLACES 2025 release (2023 survey)
48029,TX,Bexar,1577040,22.0,22.2,350102.88,PLACES 2025 release (2023 survey)
48031,TX,Blanco,10896,23.3,21.5,2342.64,PLACES 2025 release (2023 survey)
48033,TX,Borden,455,24.4,21.7,98.735,PLACES 2025 release (2023 survey)
48035,TX,Bosque,15064,24.8,22.9,3449.6559999999995,PLACES 2025 release (2023 survey)
48037,TX,Bowie,69941,24.2,23.6,16506.076,PLACES 2025 release (2023 survey)
48039,TX,Brazoria,297394,19.9,19.9,59181.405999999995,PLACES 2025 release (2023 survey)
48041,TX,Brazos,195226,23.0,24.2,47244.691999999995,PLACES 2025 release (2023 survey)
48043,TX,Brewster,7906,21.1,20.1,1589.106,PLACES 2025 release (2023 survey)
48045,TX,Briscoe,1128,24.6,22.8,257.184,PLACES 2025 release (2023 survey)
48047,TX,Brooks,5111,19.7,19.3,986.423,PLACES 2025 release (2023 survey)
48049,TX,Brown,30770,24.6,23.5,7230.95,PLACES 2025 release (2023 survey)
48051,TX,Burleson,15139,23.2,22.1,3345.719,PLACES 2025 release (2023 survey)
48053,TX,Burnet,43122,23.6,22.2,9573.084,PLACES 2025 release (2023 survey)
48055,TX,Caldwell,38288,21.6,21.4,8193.632,PLACES 2025 release (2023 survey)
48057,TX,Calhoun,15174,20.9,20.1,3049.974,PLACES 2025 release (2023 survey)
48059,TX,Callahan,11235,25.3,23.9,2685.165,PLACES 2025 release (2023 survey)
48061,TX,Cameron,306297,19.1,18.9,57890.132999999994,PLACES 2025 release (2023 survey)
48063,TX,Camp,9495,24.3,23.5,2231.325,PLACES 2025 release (2023 survey)
48065,TX,Carson,4511,24.5,23.2,1046.552,PLACES 2025 release (2023 survey)
48067,TX,Cass,22102,25.8,24.0,5304.48,PLACES 2025 release (2023 survey)
48069,TX,Castro,5107,20.7,20.1,1026.507,PLACES 2025 release (2023 survey)
48071,TX,Chambers,38951,23.3,23.4,9114.534,PLACES 2025 release (2023 survey)
48073,TX,Cherokee,39032,24.3,23.6,9211.552000000001,PLACES 2025 release (2023 survey)
48075,TX,Childress,5492,22.2,21.9,1202.7479999999998,PLACES 2025 release (2023 survey)
48077,TX,Clay,8542,25.4,23.6,2015.912,PLACES 2025 release (2023 survey)
48079,TX,Cochran,1832,23.3,22.9,419.52799999999996,PLACES 2025 release (2023 survey)
48081,TX,Coke,2630,25.1,22.9,602.27,PLACES 2025 release (2023 survey)
48083,TX,Coleman,6188,25.2,23.3,1441.804,PLACES 2025 release (2023 survey)
48085,TX,Collin,903972,20.0,20.0,180794.40000000002,PLACES 2025 release (2023 survey)
48087,TX,Collingsworth,1897,24.2,23.4,443.89799999999997,PLACES 2025 release (2023 survey)
48089,TX,Colorado,16091,22.4,21.1,3395.2010000000005,PLACES 2025 release (2023 survey)
48091,TX,Comal,151068,21.1,20.3,30666.804000000004,PLACES 2025 release (2023 survey)
48093,TX,Comanche,10881,23.9,22.5,2448.225,PLACES 2025 release (2023 survey)
48095,TX,Concho,2894,20.3,20.0,578.8000000000001,PLACES 2025 release (2023 survey)
48097,TX,Cooke,33539,24.6,23.7,7948.7429999999995,PLACES 2025 release (2023 survey)
48099,TX,Coryell,65792,23.5,24.0,15790.08,PLACES 2025 release (2023 survey)
48101,TX,Cottle,1043,24.3,22.6,235.71800000000002,PLACES 2025 release (2023 survey)
48103,TX,Crane,3247,20.4,20.4,662.3879999999999,PLACES 2025 release (2023 survey)
48105,TX,Crockett,2119,21.2,20.3,430.15700000000004,PLACES 2025 release (2023 survey)
48107,TX,Crosby,3652,22.4,21.6,788.8320000000001,PLACES 2025 release (2023 survey)
48109,TX,Culberson,1675,21.0,19.9,333.325,PLACES 2025 release (2023 survey)
48111,TX,Dallam,4733,22.2,22.3,1055.459,PLACES 2025 release (2023 survey)
48113,TX,Dallas,1960720,19.1,19.3,378418.96,PLACES 2025 release (2023 survey)
48115,TX,Dawson,9004,21.1,21.1,1899.8440000000003,PLACES 2025 release (2023 survey)
48117,TX,Deaf Smith,12613,20.9,20.9,2636.1169999999997,PLACES 2025 release (2023 survey)
48119,TX,Delta,4187,25.7,24.4,1021.6279999999999,PLACES 2025 release (2023 survey)
48121,TX,Denton,775771,20.7,20.8,161360.36800000002,PLACES 2025 release (2023 survey)
48123,TX,DeWitt,15349,22.5,21.5,3300.035,PLACES 2025 release (2023 survey)
48125,TX,Dickens,1399,23.7,21.9,306.381,PLACES 2025 release (2023 survey)
48127,TX,Dimmit,5890,21.5,20.9,1231.01,PLACES 2025 release (2023 survey)
48129,TX,Donley,2573,25.3,23.6,607.2280000000001,PLACES 2025 release (2023 survey)
48131,TX,Duval,7139,20.0,19.4,1384.966,PLACES 2025 release (2023 survey)
48133,TX,Eastland,14154,25.4,24.1,3411.1140000000005,PLACES 2025 release (2023 survey)
48135,TX,Ector,114193,20.8,21.2,24208.916,PLACES 2025 release (2023 survey)
48137,TX,Edwards,1097,21.9,20.1,220.497,PLACES 2025 release (2023 survey)
48139,TX,Ellis,164247,22.7,22.6,37119.822,PLACES 2025 release (2023 survey)
48141,TX,El Paso,646273,19.9,19.9,128608.32699999999,PLACES 2025 release (2023 survey)
48143,TX,Erath,35075,24.7,24.9,8733.675,PLACES 2025 release (2023 survey)
48145,TX,Falls,13585,23.9,23.1,3138.135,PLACES 2025 release (2023 survey)
48147,TX,Fannin,29614,25.1,24.5,7255.43,PLACES 2025 release (2023 survey)
48149,TX,Fayette,20303,23.1,21.3,4324.539,PLACES 2025 release (2023 survey)
48151,TX,Fisher,2830,23.4,21.6,611.2800000000001,PLACES 2025 release (2023 survey)
48153,TX,Floyd,3788,21.8,21.0,795.48,PLACES 2025 release (2023 survey)
48155,TX,Foard,854,26.1,23.8,203.252,PLACES 2025 release (2023 survey)
48157,TX,Fort Bend,674906,17.6,17.5,118108.54999999999,PLACES 2025 release (2023 survey)
48159,TX,Franklin,8409,24.4,22.9,1925.6609999999998,PLACES 2025 release (2023 survey)
48161,TX,Freestone,15822,23.8,22.7,3591.5939999999996,PLACES 2025 release (2023 survey)
48163,TX,Frio,13345,19.1,19.5,2602.275,PLACES 2025 release (2023 survey)
48165,TX,Gaines,14406,23.4,23.8,3428.628,PLACES 2025 release (2023 survey)
48167,TX,Galveston,277060,22.2,21.7,60122.02,PLACES 2025 release (2023 survey)
48169,TX,Garza,3597,20.8,20.9,751.773,PLACES 2025 release (2023 survey)
48171,TX,Gillespie,22412,23.2,21.0,4706.5199999999995,PLACES 2025 release (2023 survey)
48173,TX,Glasscock,853,21.3,21.2,180.83599999999998,PLACES 2025 release (2023 survey)
48175,TX,Goliad,5744,23.3,21.5,1234.96,PLACES 2025 release (2023 survey)
48177,TX,Gonzales,14670,22.5,21.8,3198.06,PLACES 2025 release (2023 survey)
48179,TX,Gray,15662,23.6,23.2,3633.584,PLACES 2025 release (2023 survey)
48181,TX,Grayson,111562,25.0,24.3,27109.566,PLACES 2025 release (2023 survey)
48183,TX,Gregg,93766,24.2,23.7,22222.541999999998,PLACES 2025 release (2023 survey)
48185,TX,Grimes,25008,23.3,22.6,5651.808,PLACES 2025 release (2023 survey)
48187,TX,Guadalupe,143773,22.5,22.1,31773.833,PLACES 2025 release (2023 survey)
48189,TX,Hale,23506,21.4,21.3,5006.778,PLACES 2025 release (2023 survey)
48191,TX,Hall,2210,23.6,22.1,488.41,PLACES 2025 release (2023 survey)
48193,TX,Hamilton,6752,25.2,23.2,1566.464,PLACES 2025 release (2023 survey)
48195,TX,Hansford,3618,22.5,22.0,795.96,PLACES 2025 release (2023 survey)
48197,TX,Hardeman,2702,24.7,23.1,624.162,PLACES 2025 release (2023 survey)
48199,TX,Hardin,43697,25.7,24.8,10836.856,PLACES 2025 release (2023 survey)
48201,TX,Harris,3595915,19.5,19.7,708395.2549999999,PLACES 2025 release (2023 survey)
48203,TX,Harrison,53891,24.3,23.5,12664.384999999998,PLACES 2025 release (2023 survey)
48205,TX,Hartley,4012,21.1,20.7,830.4839999999999,PLACES 2025 release (2023 survey)
48207,TX,Haskell,4416,23.8,22.9,1011.2639999999999,PLACES 2025 release (2023 survey)
48209,TX,Hays,218510,21.5,21.9,47853.689999999995,PLACES 2025 release (2023 survey)
48211,TX,Hemphill,2336,22.5,21.5,502.24,PLACES 2025 release (2023 survey)
48213,TX,Henderson,67684,25.7,24.2,16379.528,PLACES 2025 release (2023 survey)
48215,TX,Hidalgo,624451,20.0,20.2,126139.10199999998,PLACES 2025 release (2023 survey)
48217,TX,Hill,29280,24.5,23.5,6880.799999999999,PLACES 2025 release (2023 survey)
48219,TX,Hockley,15783,22.4,22.0,3472.26,PLACES 2025 release (2023 survey)
48221,TX,Hood,53986,24.4,22.6,12200.836000000001,PLACES 2025 release (2023 survey)
48223,TX,Hopkins,28933,25.0,24.1,6972.853000000001,PLACES 2025 release (2023 survey)
48225,TX,Houston,17552,23.8,22.7,3984.3039999999996,PLACES 2025 release (2023 survey)
48227,TX,Howard,23509,22.0,22.0,5171.9800000000005,PLACES 2025 release (2023 survey)
48229,TX,Hudspeth,3036,19.8,20.5,622.38,PLACES 2025 release (2023 survey)
48231,TX,Hunt,85368,23.6,23.3,19890.744000000002,PLACES 2025 release (2023 survey)
48233,TX,Hutchinson,15111,24.2,23.4,3535.9739999999997,PLACES 2025 release (2023 survey)
48235,TX,Irion,1190,23.9,22.5,267.75,PLACES 2025 release (2023 survey)
48237,TX,Jack,6909,24.5,24.0,1658.1599999999999,PLACES 2025 release (2023 survey)
48239,TX,Jackson,11330,23.5,22.4,2537.9199999999996,PLACES 2025 release (2023 survey)
48241,TX,Jasper,25039,25.9,24.5,6134.555,PLACES 2025 release (2023 survey)
48243,TX,Jeff Davis,1764,24.3,21.0,370.44,PLACES 2025 release (2023 survey)
48245,TX,Jefferson,189667,21.5,21.1,40019.737,PLACES 2025 release (2023 survey)
48247,TX,Jim Hogg,3365,20.5,19.7,662.905,PLACES 2025 release (2023 survey)
48249,TX,Jim Wells,28172,20.5,20.0,5634.400000000001,PLACES 2025 release (2023 survey)
48251,TX,Johnson,150832,23.4,23.2,34993.024,PLACES 2025 release (2023 survey)
48253,TX,Jones,16924,21.3,21.4,3621.736,PLACES 2025 release (2023 survey)
48255,TX,Karnes,12017,20.3,20.4,2451.468,PLACES 2025 release (2023 survey)
48257,TX,Kaufman,132239,21.9,22.2,29357.058,PLACES 2025 release (2023 survey)
48259,TX,Kendall,39429,21.5,20.4,8043.516,PLACES 2025 release (2023 survey)
48261,TX,Kenedy,289,20.5,19.3,55.777,PLACES 2025 release (2023 survey)
48263,TX,Kent,557,24.0,21.6,120.31200000000001,PLACES 2025 release (2023 survey)
48265,TX,Kerr,44017,23.3,21.4,9419.637999999999,PLACES 2025 release (2023 survey)
48267,TX,Kimble,3628,24.8,22.5,816.3000000000001,PLACES 2025 release (2023 survey)
48269,TX,King,168,25.5,22.8,38.304,PLACES 2025 release (2023 survey)
48271,TX,Kinney,2597,20.3,19.4,503.8179999999999,PLACES 2025 release (2023 survey)
48273,TX,Kleberg,22867,20.7,21.0,4802.07,PLACES 2025 release (2023 survey)
48275,TX,Knox,2408,23.9,22.6,544.208,PLACES 2025 release (2023 survey)
48277,TX,Lamar,38549,25.6,24.6,9483.054,PLACES 2025 release (2023 survey)
48279,TX,Lamb,9252,22.1,21.4,1979.9279999999999,PLACES 2025 release (2023 survey)
48281,TX,Lampasas,18331,24.9,23.6,4326.116,PLACES 2025 release (2023 survey)
48283,TX,La Salle,5295,19.7,19.5,1032.525,PLACES 2025 release (2023 survey)
48285,TX,Lavaca,15741,24.6,22.8,3588.9480000000003,PLACES 2025 release (2023 survey)
48287,TX,Lee,14389,24.0,22.9,3295.0809999999997,PLACES 2025 release (2023 survey)
48289,TX,Leon,12726,25.0,23.2,2952.432,PLACES 2025 release (2023 survey)
48291,TX,Liberty,75346,23.5,23.7,17857.002,PLACES 2025 release (2023 survey)
48293,TX,Limestone,17239,23.8,22.8,3930.492,PLACES 2025 release (2023 survey)
48295,TX,Lipscomb,2179,23.0,22.0,479.38,PLACES 2025 release (2023 survey)
48297,TX,Live Oak,9407,22.0,21.4,2013.098,PLACES 2025 release (2023 survey)
48299,TX,Llano,19317,24.6,21.5,4153.155,PLACES 2025 release (2023 survey)
48303,TX,Lubbock,245983,22.4,22.7,55838.140999999996,PLACES 2025 release (2023 survey)
48305,TX,Lynn,4156,23.5,22.9,951.7239999999999,PLACES 2025 release (2023 survey)
48307,TX,McCulloch,5892,24.2,22.7,1337.484,PLACES 2025 release (2023 survey)
48309,TX,McLennan,204435,23.7,23.6,48246.66,PLACES 2025 release (2023 survey)
48311,TX,McMullen,445,22.8,21.3,94.785,PLACES 2025 release (2023 survey)
48313,TX,Madison,10656,22.1,22.0,2344.32,PLACES 2025 release (2023 survey)
48315,TX,Marion,7838,25.4,23.1,1810.578,PLACES 2025 release (2023 survey)
48317,TX,Martin,3571,22.2,22.2,792.7620000000001,PLACES 2025 release (2023 survey)
48319,TX,Mason,3203,23.5,20.9,669.427,PLACES 2025 release (2023 survey)
48321,TX,Matagorda,26887,22.7,22.0,5915.14,PLACES 2025 release (2023 survey)
48323,TX,Maverick,39943,19.6,19.7,7868.770999999999,PLACES 2025 release (2023 survey)
48325,TX,Medina,42472,21.2,20.6,8749.232,PLACES 2025 release (2023 survey)
48327,TX,Menard,1592,23.5,20.9,332.728,PLACES 2025 release (2023 survey)
48329,TX,Midland,125208,21.0,21.4,26794.512,PLACES 2025 release (2023 survey)
48331,TX,Milam,20070,23.9,22.7,4555.889999999999,PLACES 2025 release (2023 survey)
48333,TX,Mills,3625,24.1,21.9,793.8749999999999,PLACES 2025 release (2023 survey)
48335,TX,Mitchell,7271,20.9,21.0,1526.9099999999999,PLACES 2025 release (2023 survey)
48337,TX,Montague,16711,25.9,24.4,4077.484,PLACES 2025 release (2023 survey)
48339,TX,Montgomery,528013,21.7,21.5,113522.795,PLACES 2025 release (2023 survey)
48341,TX,Moore,14480,21.2,21.3,3084.24,PLACES 2025 release (2023 survey)
48343,TX,Morris,9326,24.9,23.4,2182.2839999999997,PLACES 2025 release (2023 survey)
48345,TX,Motley,819,24.5,22.4,183.456,PLACES 2025 release (2023 survey)
48347,TX,Nacogdoches,50065,24.4,24.4,12215.86,PLACES 2025 release (2023 survey)
48349,TX,Navarro,40762,23.9,23.3,9497.546,PLACES 2025 release (2023 survey)
48351,TX,Newton,9669,26.8,25.0,2417.25,PLACES 2025 release (2023 survey)
48353,TX,Nolan,10732,24.0,23.1,2479.092,PLACES 2025 release (2023 survey)
48355,TX,Nueces,269148,20.4,20.0,53829.600000000006,PLACES 2025 release (2023 survey)
48357,TX,Ochiltree,6797,22.2,22.1,1502.137,PLACES 2025 release (2023 survey)
48359,TX,Oldham,1398,25.0,24.3,339.714,PLACES 2025 release (2023 survey)
48361,TX,Orange,63756,25.6,25.0,15939.0,PLACES 2025 release (2023 survey)
48363,TX,Palo Pinto,22840,25.1,24.0,5481.599999999999,PLACES 2025 release (2023 survey)
48365,TX,Panola,17537,24.7,23.5,4121.195,PLACES 2025 release (2023 survey)
48367,TX,Parker,131016,24.7,24.0,31443.84,PLACES 2025 release (2023 survey)
48369,TX,Parmer,6935,20.5,20.1,1393.9350000000002,PLACES 2025 release (2023 survey)
48371,TX,Pecos,11009,19.6,19.6,2157.764,PLACES 2025 release (2023 survey)
48373,TX,Polk,43059,25.4,24.8,10678.632,PLACES 2025 release (2023 survey)
48375,TX,Potter,84112,23.1,23.0,19345.760000000002,PLACES 2025 release (2023 survey)
48377,TX,Presidio,4219,20.6,18.7,788.953,PLACES 2025 release (2023 survey)
48379,TX,Rains,10414,25.2,23.3,2426.462,PLACES 2025 release (2023 survey)
48381,TX,Randall,113132,23.8,23.6,26699.152000000002,PLACES 2025 release (2023 survey)
48383,TX,Reagan,2250,19.6,19.6,441.0,PLACES 2025 release (2023 survey)
48385,TX,Real,2328,25.0,22.7,528.4559999999999,PLACES 2025 release (2023 survey)
48387,TX,Red River,9261,25.8,23.7,2194.857,PLACES 2025 release (2023 survey)
48389,TX,Reeves,8503,19.5,19.6,1666.588,PLACES 2025 release (2023 survey)
48391,TX,Refugio,5209,22.2,21.0,1093.8899999999999,PLACES 2025 release (2023 survey)
48393,TX,Roberts,631,24.6,22.8,143.868,PLACES 2025 release (2023 survey)
48395,TX,Robertson,13118,23.4,22.2,2912.196,PLACES 2025 release (2023 survey)
48397,TX,Rockwall,96606,22.0,21.8,21060.108,PLACES 2025 release (2023 survey)
48399,TX,Runnels,7542,23.1,21.9,1651.6979999999999,PLACES 2025 release (2023 survey)
48401,TX,Rusk,41108,23.2,22.7,9331.516,PLACES 2025 release (2023 survey)
48403,TX,Sabine,8293,26.2,23.1,1915.683,PLACES 2025 release (2023 survey)
48405,TX,San Augustine,6232,26.7,24.3,1514.376,PLACES 2025 release (2023 survey)
48407,TX,San Jacinto,22772,25.4,23.9,5442.508,PLACES 2025 release (2023 survey)
48409,TX,San Patricio,52520,21.1,20.7,10871.64,PLACES 2025 release (2023 survey)
48411,TX,San Saba,4743,22.9,21.9,1038.7169999999999,PLACES 2025 release (2023 survey)
48413,TX,Schleicher,1809,21.4,20.2,365.41799999999995,PLACES 2025 release (2023 survey)
48415,TX,Scurry,11981,22.5,22.1,2647.801,PLACES 2025 release (2023 survey)
48417,TX,Shackelford,2477,24.6,23.2,574.664,PLACES 2025 release (2023 survey)
48419,TX,Shelby,17790,24.8,23.9,4251.8099999999995,PLACES 2025 release (2023 survey)
48421,TX,Sherman,1950,21.6,21.0,409.5,PLACES 2025 release (2023 survey)
48423,TX,Smith,186274,23.9,23.3,43401.842000000004,PLACES 2025 release (2023 survey)
48425,TX,Somervell,7756,24.3,23.1,1791.6360000000002,PLACES 2025 release (2023 survey)
48427,TX,Starr,44621,21.0,21.2,9459.652,PLACES 2025 release (2023 survey)
48429,TX,Stephens,7416,23.6,22.8,1690.848,PLACES 2025 release (2023 survey)
48431,TX,Sterling,980,21.9,21.4,209.72,PLACES 2025 release (2023 survey)
48433,TX,Stonewall,955,24.4,22.1,211.055,PLACES 2025 release (2023 survey)
48435,TX,Sutton,2454,21.2,20.1,493.254,PLACES 2025 release (2023 survey)
48437,TX,Swisher,5305,22.3,21.9,1161.7949999999998,PLACES 2025 release (2023 survey)
48439,TX,Tarrant,1635353,22.6,22.7,371225.131,PLACES 2025 release (2023 survey)
48441,TX,Taylor,110949,23.4,23.4,25962.066,PLACES 2025 release (2023 survey)
48443,TX,Terrell,556,20.3,17.9,99.524,PLACES 2025 release (2023 survey)
48445,TX,Terry,8240,22.2,21.9,1804.5599999999997,PLACES 2025 release (2023 survey)
48447,TX,Throckmorton,1159,25.6,22.9,265.411,PLACES 2025 release (2023 survey)
48449,TX,Titus,22569,22.9,22.5,5078.025000000001,PLACES 2025 release (2023 survey)
48451,TX,Tom Green,90938,23.4,23.0,20915.74,PLACES 2025 release (2023 survey)
48453,TX,Travis,1071849,21.6,22.1,236878.62900000002,PLACES 2025 release (2023 survey)
48455,TX,Trinity,11401,25.9,23.7,2702.037,PLACES 2025 release (2023 survey)
48457,TX,Tyler,16475,25.3,24.3,4003.4249999999997,PLACES 2025 release (2023 survey)
48459,TX,Upshur,32998,26.0,24.9,8216.502,PLACES 2025 release (2023 survey)
48461,TX,Upton,2293,22.6,21.9,502.1669999999999,PLACES 2025 release (2023 survey)
48463,TX,Uvalde,18337,21.0,20.6,3777.4220000000005,PLACES 2025 release (2023 survey)
48465,TX,Val Verde,34333,19.4,19.5,6694.935,PLACES 2025 release (2023 survey)
48467,TX,Van Zandt,49331,26.1,24.7,12184.757,PLACES 2025 release (2023 survey)
48469,TX,Victoria,68723,22.1,21.6,14844.168000000001,PLACES 2025 release (2023 survey)
48471,TX,Walker,69285,22.3,22.8,15796.980000000001,PLACES 2025 release (2023 survey)
48473,TX,Waller,48491,21.4,21.6,10474.056,PLACES 2025 release (2023 survey)
48475,TX,Ward,7825,21.5,21.3,1666.725,PLACES 2025 release (2023 survey)
48477,TX,Washington,29213,23.0,21.7,6339.221,PLACES 2025 release (2023 survey)
48479,TX,Webb,186022,18.8,19.1,35530.202,PLACES 2025 release (2023 survey)
48481,TX,Wharton,31173,22.2,21.5,6702.195,PLACES 2025 release (2023 survey)
48483,TX,Wheeler,3606,24.7,23.4,843.804,PLACES 2025 release (2023 survey)
48485,TX,Wichita,100315,24.1,23.9,23975.285,PLACES 2025 release (2023 survey)
48487,TX,Wilbarger,9895,24.4,23.7,2345.115,PLACES 2025 release (2023 survey)
48489,TX,Willacy,15371,19.4,19.5,2997.3450000000003,PLACES 2025 release (2023 survey)
48491,TX,Williamson,532125,20.4,20.4,108553.5,PLACES 2025 release (2023 survey)
48493,TX,Wilson,41434,21.7,20.9,8659.706,PLACES 2025 release (2023 survey)
48495,TX,Winkler,5280,20.7,20.5,1082.3999999999999,PLACES 2025 release (2023 survey)
48497,TX,Wise,58924,24.0,23.5,13847.14,PLACES 2025 release (2023 survey)
48499,TX,Wood,39005,25.2,23.2,9049.16,PLACES 2025 release (2023 survey)
48501,TX,Yoakum,5012,21.0,20.9,1047.508,PLACES 2025 release (2023 survey)
48503,TX,Young,13798,24.6,23.4,3228.732,PLACES 2025 release (2023 survey)
48505,TX,Zapata,9425,20.6,20.4,1922.6999999999998,PLACES 2025 release (2023 survey)
48507,TX,Zavala,6563,21.1,20.8,1365.104,PLACES 2025 release (2023 survey)
49001,UT,Beaver,5146,25.7,25.3,1301.938,PLACES 2025 release (2023 survey)
49003,UT,Box Elder,43845,26.6,26.5,11618.925000000001,PLACES 2025 release (2023 survey)
49005,UT,Cache,101374,26.6,27.7,28080.597999999998,PLACES 2025 release (2023 survey)
49007,UT,Carbon,15429,29.6,28.5,4397.264999999999,PLACES 2025 release (2023 survey)
49009,UT,Daggett,782,26.7,24.2,189.244,PLACES 2025 release (2023 survey)
49011,UT,Davis,263292,28.7,28.9,76091.38799999999,PLACES 2025 release (2023 survey)
49013,UT,Duchesne,14005,26.0,25.6,3585.28,PLACES 2025 release (2023 survey)
49015,UT,Emery,7361,28.2,27.1,1994.8310000000001,PLACES 2025 release (2023 survey)
49017,UT,Garfield,4137,26.4,24.7,1021.8389999999999,PLACES 2025 release (2023 survey)
49019,UT,Grand,7722,26.4,25.3,1953.666,PLACES 2025 release (2023 survey)
49021,UT,Iron,47127,27.2,27.5,12959.925000000001,PLACES 2025 release (2023 survey)
49023,UT,Juab,8695,26.4,26.4,2295.48,PLACES 2025 release (2023 survey)
49025,UT,Kane,6481,26.8,25.0,1620.25,PLACES 2025 release (2023 survey)
49027,UT,Millard,9330,26.4,25.4,2369.82,PLACES 2025 release (2023 survey)
49029,UT,Morgan,8784,25.2,24.7,2169.648,PLACES 2025 release (2023 survey)
49031,UT,Piute,1221,28.6,26.0,317.46000000000004,PLACES 2025 release (2023 survey)
49033,UT,Rich,1947,27.5,26.1,508.16700000000003,PLACES 2025 release (2023 survey)
49035,UT,Salt Lake,893016,27.5,27.8,248258.44800000003,PLACES 2025 release (2023 survey)
49037,UT,San Juan,10367,27.0,26.4,2736.888,PLACES 2025 release (2023 survey)
49039,UT,Sanpete,23084,26.7,26.8,6186.512000000001,PLACES 2025 release (2023 survey)
49041,UT,Sevier,16249,28.4,27.5,4468.475,PLACES 2025 release (2023 survey)
49043,UT,Summit,33254,23.4,22.7,7548.657999999999,PLACES 2025 release (2023 survey)
49045,UT,Tooele,56930,27.3,27.8,15826.54,PLACES 2025 release (2023 survey)
49047,UT,Uintah,26247,27.2,27.2,7139.184,PLACES 2025 release (2023 survey)
49049,UT,Utah,495249,25.1,26.4,130745.736,PLACES 2025 release (2023 survey)
49051,UT,Wasatch,26748,22.8,22.4,5991.552,PLACES 2025 release (2023 survey)
49053,UT,Washington,153718,26.8,25.4,39044.372,PLACES 2025 release (2023 survey)
49055,UT,Wayne,2014,27.3,25.6,515.5840000000001,PLACES 2025 release (2023 survey)
49057,UT,Weber,201028,28.0,28.2,56689.89599999999,PLACES 2025 release (2023 survey)
50001,VT,Addison,31723,26.2,24.7,7835.581,PLACES 2025 release (2023 survey)
50003,VT,Bennington,30362,31.5,29.2,8865.704,PLACES 2025 release (2023 survey)
50005,VT,Caledonia,25067,28.3,26.7,6692.889,PLACES 2025 release (2023 survey)
50007,VT,Chittenden,140894,27.2,27.0,38041.380000000005,PLACES 2025 release (2023 survey)
50009,VT,Essex,4937,29.0,26.2,1293.4940000000001,PLACES 2025 release (2023 survey)
50011,VT,Franklin,40099,26.4,25.4,10185.146,PLACES 2025 release (2023 survey)
50013,VT,Grand Isle,6194,26.9,25.1,1554.694,PLACES 2025 release (2023 survey)
50015,VT,Lamoille,20919,28.6,27.5,5752.725,PLACES 2025 release (2023 survey)
50017,VT,Orange,24672,28.1,26.2,6464.064,PLACES 2025 release (2023 survey)
50019,VT,Orleans,22246,26.5,24.8,5517.008,PLACES 2025 release (2023 survey)
50021,VT,Rutland,49934,27.2,25.3,12633.302,PLACES 2025 release (2023 survey)
50023,VT,Washington,49442,29.0,27.6,13645.992000000002,PLACES 2025 release (2023 survey)
50025,VT,Windham,38295,28.1,26.1,9994.995,PLACES 2025 release (2023 survey)
50027,VT,Windsor,48044,28.8,26.6,12779.704000000002,PLACES 2025 release (2023 survey)
51001,VA,Accomack,26487,23.4,21.7,5747.679,PLACES 2025 release (2023 survey)
51003,VA,Albemarle,93582,21.8,20.9,19558.638,PLACES 2025 release (2023 survey)
51005,VA,Alleghany,12022,26.7,24.5,2945.39,PLACES 2025 release (2023 survey)
51007,VA,Amelia,10676,24.9,23.4,2498.1839999999997,PLACES 2025 release (2023 survey)
51009,VA,Amherst,25190,24.8,23.3,5869.27,PLACES 2025 release (2023 survey)
51011,VA,Appomattox,13156,25.0,23.5,3091.66,PLACES 2025 release (2023 survey)
51013,VA,Arlington,192107,20.6,21.2,40726.684,PLACES 2025 release (2023 survey)
51015,VA,Augusta,64233,26.2,24.7,15865.551,PLACES 2025 release (2023 survey)
51017,VA,Bath,3378,27.8,24.8,837.744,PLACES 2025 release (2023 survey)
51019,VA,Bedford,65762,25.0,23.3,15322.546,PLACES 2025 release (2023 survey)
51021,VA,Bland,5302,25.1,23.6,1251.2720000000002,PLACES 2025 release (2023 survey)
51023,VA,Botetourt,27833,25.6,23.6,6568.588000000001,PLACES 2025 release (2023 survey)
51025,VA,Brunswick,13267,21.6,20.8,2759.536,PLACES 2025 release (2023 survey)
51027,VA,Buchanan,15806,28.4,26.6,4204.396000000001,PLACES 2025 release (2023 survey)
51029,VA,Buckingham,13997,23.7,22.8,3191.3160000000003,PLACES 2025 release (2023 survey)
51031,VA,Campbell,44734,24.4,23.1,10333.554,PLACES 2025 release (2023 survey)
51033,VA,Caroline,25204,23.5,22.8,5746.512000000001,PLACES 2025 release (2023 survey)
51035,VA,Carroll,24074,28.1,25.8,6211.092000000001,PLACES 2025 release (2023 survey)
51036,VA,Charles City,5657,23.2,21.0,1187.97,PLACES 2025 release (2023 survey)
51037,VA,Charlotte,8826,25.8,24.0,2118.24,PLACES 2025 release (2023 survey)
51041,VA,Chesterfield,293524,21.8,21.2,62227.087999999996,PLACES 2025 release (2023 survey)
51043,VA,Clarke,12491,25.1,23.3,2910.4030000000002,PLACES 2025 release (2023 survey)
51045,VA,Craig,4041,26.5,24.2,977.922,PLACES 2025 release (2023 survey)
51047,VA,Culpeper,41294,23.3,22.5,9291.15,PLACES 2025 release (2023 survey)
51049,VA,Cumberland,7919,24.5,22.7,1797.6129999999998,PLACES 2025 release (2023 survey)
51051,VA,Dickenson,11035,28.5,26.4,2913.2400000000002,PLACES 2025 release (2023 survey)
51053,VA,Dinwiddie,22735,23.8,22.7,5160.844999999999,PLACES 2025 release (2023 survey)
51057,VA,Essex,8706,24.5,22.8,1984.968,PLACES 2025 release (2023 survey)
51059,VA,Fairfax,884086,18.8,18.4,162671.824,PLACES 2025 release (2023 survey)
51061,VA,Fauquier,57749,23.1,22.1,12762.529,PLACES 2025 release (2023 survey)
51063,VA,Floyd,12779,25.7,23.7,3028.623,PLACES 2025 release (2023 survey)
51065,VA,Fluvanna,22968,24.8,23.5,5397.48,PLACES 2025 release (2023 survey)
51067,VA,Franklin,45296,26.0,24.0,10871.039999999999,PLACES 2025 release (2023 survey)
51069,VA,Frederick,74555,23.3,22.3,16625.765,PLACES 2025 release (2023 survey)
51071,VA,Giles,13231,26.6,24.9,3294.519,PLACES 2025 release (2023 survey)
51073,VA,Gloucester,32065,25.6,24.1,7727.665000000001,PLACES 2025 release (2023 survey)
51075,VA,Goochland,22738,22.8,21.0,4774.98,PLACES 2025 release (2023 survey)
51077,VA,Grayson,12745,26.6,24.9,3173.505,PLACES 2025 release (2023 survey)
51079,VA,Greene,16419,24.8,23.8,3907.722,PLACES 2025 release (2023 survey)
51081,VA,Greensville,9333,19.6,19.4,1810.6019999999999,PLACES 2025 release (2023 survey)
51083,VA,Halifax,26643,24.4,22.4,5968.031999999999,PLACES 2025 release (2023 survey)
51085,VA,Hanover,89709,22.9,21.7,19466.853,PLACES 2025 release (2023 survey)
51087,VA,Henrico,262519,21.3,20.8,54603.952000000005,PLACES 2025 release (2023 survey)
51089,VA,Henry,40192,25.7,23.7,9525.503999999999,PLACES 2025 release (2023 survey)
51091,VA,Highland,2002,25.4,21.6,432.4320000000001,PLACES 2025 release (2023 survey)
51093,VA,Isle of Wight,31981,23.6,22.2,7099.782,PLACES 2025 release (2023 survey)
51095,VA,James City,66533,23.4,21.4,14238.062,PLACES 2025 release (2023 survey)
51097,VA,King and Queen,5583,24.5,22.7,1267.341,PLACES 2025 release (2023 survey)
51099,VA,King George,21638,23.5,23.1,4998.378000000001,PLACES 2025 release (2023 survey)
51101,VA,King William,14699,24.7,23.9,3513.0609999999997,PLACES 2025 release (2023 survey)
51103,VA,Lancaster,9249,23.9,20.7,1914.543,PLACES 2025 release (2023 survey)
51105,VA,Lee,17770,27.2,25.8,4584.66,PLACES 2025 release (2023 survey)
51107,VA,Loudoun,322393,18.7,18.4,59320.312,PLACES 2025 release (2023 survey)
51109,VA,Louisa,32859,24.4,23.0,7557.570000000001,PLACES 2025 release (2023 survey)
51111,VA,Lunenburg,9653,24.2,22.8,2200.884,PLACES 2025 release (2023 survey)
51113,VA,Madison,11351,25.2,23.4,2656.134,PLACES 2025 release (2023 survey)
51115,VA,Mathews,7170,26.1,23.1,1656.27,PLACES 2025 release (2023 survey)
51117,VA,Mecklenburg,24987,24.7,22.7,5672.048999999999,PLACES 2025 release (2023 survey)
51119,VA,Middlesex,9150,25.0,21.8,1994.7,PLACES 2025 release (2023 survey)
51121,VA,Montgomery,83813,24.9,25.3,21204.689,PLACES 2025 release (2023 survey)
51125,VA,Nelson,12117,25.1,22.5,2726.3250000000003,PLACES 2025 release (2023 survey)
51127,VA,New Kent,21047,23.2,22.5,4735.575,PLACES 2025 release (2023 survey)
51131,VA,Northampton,9854,23.0,20.8,2049.632,PLACES 2025 release (2023 survey)
51133,VA,Northumberland,10687,23.0,20.1,2148.087,PLACES 2025 release (2023 survey)
51135,VA,Nottoway,12496,22.7,22.1,2761.616,PLACES 2025 release (2023 survey)
51137,VA,Orange,30240,24.7,23.4,7076.16,PLACES 2025 release (2023 survey)
51139,VA,Page,19159,26.9,25.1,4808.909,PLACES 2025 release (2023 survey)
51141,VA,Patrick,14402,26.2,23.7,3413.274,PLACES 2025 release (2023 survey)
51143,VA,Pittsylvania,49130,24.8,22.9,11250.769999999999,PLACES 2025 release (2023 survey)
51145,VA,Powhatan,26175,23.6,22.4,5863.2,PLACES 2025 release (2023 survey)
51147,VA,Prince Edward,18532,25.0,25.6,4744.192,PLACES 2025 release (2023 survey)
51149,VA,Prince George,34450,21.8,22.2,7647.900000000001,PLACES 2025 release (2023 survey)
51153,VA,Prince William,361424,20.1,20.0,72284.8,PLACES 2025 release (2023 survey)
51155,VA,Pulaski,27735,25.6,24.1,6684.135,PLACES 2025 release (2023 survey)
51157,VA,Rappahannock,6250,25.3,22.9,1431.2499999999998,PLACES 2025 release (2023 survey)
51159,VA,Richmond,7501,22.7,21.9,1642.7189999999998,PLACES 2025 release (2023 survey)
51161,VA,Roanoke,78314,26.0,24.6,19265.244000000002,PLACES 2025 release (2023 survey)
51163,VA,Rockbridge,18688,25.6,23.3,4354.304,PLACES 2025 release (2023 survey)
51165,VA,Rockingham,67455,25.1,23.9,16121.744999999999,PLACES 2025 release (2023 survey)
51167,VA,Russell,20555,28.3,26.3,5405.965,PLACES 2025 release (2023 survey)
51169,VA,Scott,17546,28.9,26.7,4684.782,PLACES 2025 release (2023 survey)
51171,VA,Shenandoah,35666,25.1,23.6,8417.176000000001,PLACES 2025 release (2023 survey)
51173,VA,Smyth,23575,27.7,26.0,6129.5,PLACES 2025 release (2023 survey)
51175,VA,Southampton,14690,23.2,21.5,3158.35,PLACES 2025 release (2023 survey)
51177,VA,Spotsylvania,113315,23.2,22.7,25722.504999999997,PLACES 2025 release (2023 survey)
51179,VA,Stafford,122402,22.1,22.1,27050.842,PLACES 2025 release (2023 survey)
51181,VA,Surry,5458,23.1,21.1,1151.6380000000001,PLACES 2025 release (2023 survey)
51183,VA,Sussex,9043,20.6,20.2,1826.686,PLACES 2025 release (2023 survey)
51185,VA,Tazewell,31690,28.6,26.9,8524.609999999999,PLACES 2025 release (2023 survey)
51187,VA,Warren,32854,25.1,24.4,8016.376,PLACES 2025 release (2023 survey)
51191,VA,Washington,44535,26.2,24.3,10822.005,PLACES 2025 release (2023 survey)
51193,VA,Westmoreland,15601,25.1,23.0,3588.23,PLACES 2025 release (2023 survey)
51195,VA,Wise,28336,27.2,26.3,7452.368,PLACES 2025 release (2023 survey)
51197,VA,Wythe,22650,26.8,25.1,5685.15,PLACES 2025 release (2023 survey)
51199,VA,York,54822,22.0,21.2,11622.264,PLACES 2025 release (2023 survey)
51510,VA,Alexandria,127357,20.6,20.9,26617.612999999998,PLACES 2025 release (2023 survey)
51520,VA,Bristol,13451,27.1,25.6,3443.456,PLACES 2025 release (2023 survey)
51530,VA,Buena Vista,5153,27.5,26.9,1386.1569999999997,PLACES 2025 release (2023 survey)
51540,VA,Charlottesville,37336,23.9,24.4,9109.984,PLACES 2025 release (2023 survey)
51550,VA,Chesapeake,192778,21.9,21.6,41640.048,PLACES 2025 release (2023 survey)
51570,VA,Colonial Heights,13796,23.7,22.9,3159.2839999999997,PLACES 2025 release (2023 survey)
51580,VA,Covington,4241,26.9,25.6,1085.696,PLACES 2025 release (2023 survey)
51590,VA,Danville,32396,23.1,22.1,7159.516,PLACES 2025 release (2023 survey)
51595,VA,Emporia,4042,22.1,21.1,852.8620000000001,PLACES 2025 release (2023 survey)
51600,VA,Fairfax,18626,19.7,19.5,3632.07,PLACES 2025 release (2023 survey)
51610,VA,Falls Church,11167,20.8,20.4,2278.0679999999998,PLACES 2025 release (2023 survey)
51620,VA,Franklin,6018,23.4,22.4,1348.032,PLACES 2025 release (2023 survey)
51630,VA,Fredericksburg,22830,23.8,24.8,5661.84,PLACES 2025 release (2023 survey)
51640,VA,Galax,4907,27.4,26.5,1300.355,PLACES 2025 release (2023 survey)
51650,VA,Hampton,107586,21.3,21.0,22593.059999999998,PLACES 2025 release (2023 survey)
51660,VA,Harrisonburg,42177,24.8,26.9,11345.612999999998,PLACES 2025 release (2023 survey)
51670,VA,Hopewell,16949,24.4,24.1,4084.7090000000003,PLACES 2025 release (2023 survey)
51678,VA,Lexington,6479,24.7,25.9,1678.0610000000001,PLACES 2025 release (2023 survey)
51680,VA,Lynchburg,64016,24.1,24.9,15939.984,PLACES 2025 release (2023 survey)
51683,VA,Manassas,31215,19.8,20.0,6243.0,PLACES 2025 release (2023 survey)
51685,VA,Manassas Park,12682,20.1,20.4,2587.1279999999997,PLACES 2025 release (2023 survey)
51690,VA,Martinsville,9946,23.9,23.2,2307.4719999999998,PLACES 2025 release (2023 survey)
51700,VA,Newport News,140716,22.2,22.2,31238.952,PLACES 2025 release (2023 survey)
51710,VA,Norfolk,184301,21.3,21.8,40177.618,PLACES 2025 release (2023 survey)
51720,VA,Norton,2702,27.8,27.1,732.2420000000001,PLACES 2025 release (2023 survey)
51730,VA,Petersburg,25028,21.4,20.9,5230.852,PLACES 2025 release (2023 survey)
51735,VA,Poquoson,9735,24.5,23.1,2248.7850000000003,PLACES 2025 release (2023 survey)
51740,VA,Portsmouth,74620,22.9,22.7,16938.739999999998,PLACES 2025 release (2023 survey)
51750,VA,Radford,14797,27.9,30.0,4439.099999999999,PLACES 2025 release (2023 survey)
51760,VA,Richmond,189438,22.3,22.8,43191.864,PLACES 2025 release (2023 survey)
51770,VA,Roanoke,75344,24.1,23.5,17705.84,PLACES 2025 release (2023 survey)
51775,VA,Salem,20601,25.7,24.9,5129.649,PLACES 2025 release (2023 survey)
51790,VA,Staunton,20871,25.6,24.5,5113.3949999999995,PLACES 2025 release (2023 survey)
51800,VA,Suffolk,77077,21.6,21.2,16340.323999999999,PLACES 2025 release (2023 survey)
51810,VA,Virginia Beach,355216,23.6,23.3,82765.32800000001,PLACES 2025 release (2023 survey)
51820,VA,Waynesboro,17775,25.0,24.2,4301.55,PLACES 2025 release (2023 survey)
51830,VA,Williamsburg,14049,23.7,24.8,3484.152,PLACES 2025 release (2023 survey)
51840,VA,Winchester,21446,24.7,24.2,5189.932,PLACES 2025 release (2023 survey)
53001,WA,Adams,13641,22.3,22.3,3041.943,PLACES 2025 release (2023 survey)
53003,WA,Asotin,18182,27.6,25.4,4618.228,PLACES 2025 release (2023 survey)
53005,WA,Benton,159518,24.3,24.0,38284.32,PLACES 2025 release (2023 survey)
53007,WA,Chelan,62106,25.6,24.5,15215.97,PLACES 2025 release (2023 survey)
53009,WA,Clallam,65282,27.2,24.5,15994.09,PLACES 2025 release (2023 survey)
53011,WA,Clark,405348,27.5,26.9,109038.61199999998,PLACES 2025 release (2023 survey)
53013,WA,Columbia,3325,27.9,25.5,847.875,PLACES 2025 release (2023 survey)
53015,WA,Cowlitz,87722,28.7,27.5,24123.550000000003,PLACES 2025 release (2023 survey)
53017,WA,Douglas,34090,23.2,22.6,7704.34,PLACES 2025 release (2023 survey)
53019,WA,Ferry,6217,27.6,25.0,1554.25,PLACES 2025 release (2023 survey)
53021,WA,Franklin,68864,20.9,21.2,14599.168,PLACES 2025 release (2023 survey)
53023,WA,Garfield,1865,25.6,23.4,436.40999999999997,PLACES 2025 release (2023 survey)
53025,WA,Grant,74081,23.9,23.7,17557.197,PLACES 2025 release (2023 survey)
53027,WA,Grays Harbor,62070,28.4,26.9,16696.829999999998,PLACES 2025 release (2023 survey)
53029,WA,Island,71614,24.8,23.2,16614.448,PLACES 2025 release (2023 survey)
53031,WA,Jefferson,30013,27.4,23.7,7113.080999999999,PLACES 2025 release (2023 survey)
53033,WA,King,1836529,23.4,23.5,431584.315,PLACES 2025 release (2023 survey)
53035,WA,Kitsap,224070,25.9,25.1,56241.57,PLACES 2025 release (2023 survey)
53037,WA,Kittitas,37605,26.8,26.4,9927.720000000001,PLACES 2025 release (2023 survey)
53039,WA,Klickitat,19317,25.7,24.0,4636.08,PLACES 2025 release (2023 survey)
53041,WA,Lewis,67577,27.9,26.5,17907.905000000002,PLACES 2025 release (2023 survey)
53043,WA,Lincoln,9253,25.2,23.0,2128.19,PLACES 2025 release (2023 survey)
53045,WA,Mason,55214,26.9,25.4,14024.356,PLACES 2025 release (2023 survey)
53047,WA,Okanogan,34205,25.9,24.6,8414.43,PLACES 2025 release (2023 survey)
53049,WA,Pacific,20677,28.1,25.2,5210.604,PLACES 2025 release (2023 survey)
53051,WA,Pend Oreille,11514,27.0,24.6,2832.4440000000004,PLACES 2025 release (2023 survey)
53053,WA,Pierce,716813,26.7,26.5,189955.445,PLACES 2025 release (2023 survey)
53055,WA,San Juan,16267,25.5,22.5,3660.0750000000003,PLACES 2025 release (2023 survey)
53057,WA,Skagit,104403,26.8,25.5,26622.765,PLACES 2025 release (2023 survey)
53059,WA,Skamania,10535,27.2,25.2,2654.82,PLACES 2025 release (2023 survey)
53061,WA,Snohomish,660415,25.2,25.0,165103.75,PLACES 2025 release (2023 survey)
53063,WA,Spokane,433863,27.1,26.5,114973.695,PLACES 2025 release (2023 survey)
53065,WA,Stevens,38686,26.4,24.3,9400.698,PLACES 2025 release (2023 survey)
53067,WA,Thurston,237569,28.0,27.2,64618.768000000004,PLACES 2025 release (2023 survey)
53069,WA,Wahkiakum,3987,28.6,25.4,1012.698,PLACES 2025 release (2023 survey)
53071,WA,Walla Walla,48966,25.6,24.8,12143.568,PLACES 2025 release (2023 survey)
53073,WA,Whatcom,189784,30.1,29.5,55986.28,PLACES 2025 release (2023 survey)
53075,WA,Whitman,40463,27.1,28.5,11531.954999999998,PLACES 2025 release (2023 survey)
53077,WA,Yakima,183160,22.8,22.6,41394.16,PLACES 2025 release (2023 survey)
54001,WV,Barbour,12288,33.5,31.9,3919.8720000000003,PLACES 2025 release (2023 survey)
54003,WV,Berkeley,101986,29.9,29.5,30085.87,PLACES 2025 release (2023 survey)
54005,WV,Boone,16396,32.9,31.0,5082.76,PLACES 2025 release (2023 survey)
54007,WV,Braxton,9951,32.4,30.2,3005.2019999999998,PLACES 2025 release (2023 survey)
54009,WV,Brooke,17740,30.8,28.8,5109.120000000001,PLACES 2025 release (2023 survey)
54011,WV,Cabell,73859,33.4,32.4,23930.316000000003,PLACES 2025 release (2023 survey)
54013,WV,Calhoun,4871,33.8,30.9,1505.139,PLACES 2025 release (2023 survey)
54015,WV,Clay,6050,33.8,31.5,1905.75,PLACES 2025 release (2023 survey)
54017,WV,Doddridge,6589,30.5,29.2,1923.9879999999998,PLACES 2025 release (2023 survey)
54019,WV,Fayette,31056,33.2,31.2,9689.472,PLACES 2025 release (2023 survey)
54021,WV,Gilmer,6147,28.6,28.4,1745.7479999999998,PLACES 2025 release (2023 survey)
54023,WV,Grant,8803,31.4,28.8,2535.264,PLACES 2025 release (2023 survey)
54025,WV,Greenbrier,25961,31.6,29.4,7632.534,PLACES 2025 release (2023 survey)
54027,WV,Hampshire,19427,31.9,29.6,5750.392000000001,PLACES 2025 release (2023 survey)
54029,WV,Hancock,22983,31.7,29.5,6779.985,PLACES 2025 release (2023 survey)
54031,WV,Hardy,11484,32.0,29.8,3422.232,PLACES 2025 release (2023 survey)
54033,WV,Harrison,51001,31.1,29.6,15096.296000000002,PLACES 2025 release (2023 survey)
54035,WV,Jackson,21715,32.4,30.5,6623.075,PLACES 2025 release (2023 survey)
54037,WV,Jefferson,47507,28.8,27.8,13206.946000000002,PLACES 2025 release (2023 survey)
54039,WV,Kanawha,140410,31.8,30.2,42403.82,PLACES 2025 release (2023 survey)
54041,WV,Lewis,12975,32.7,31.0,4022.25,PLACES 2025 release (2023 survey)
54043,WV,Lincoln,15393,34.4,32.5,5002.725,PLACES 2025 release (2023 survey)
54045,WV,Logan,24401,36.2,34.3,8369.543,PLACES 2025 release (2023 survey)
54047,WV,McDowell,14224,32.6,31.1,4423.664,PLACES 2025 release (2023 survey)
54049,WV,Marion,44759,31.4,30.3,13561.976999999999,PLACES 2025 release (2023 survey)
54051,WV,Marshall,23911,32.0,29.9,7149.389,PLACES 2025 release (2023 survey)
54053,WV,Mason,19716,33.7,31.7,6249.972,PLACES 2025 release (2023 survey)
54055,WV,Mercer,45722,33.0,31.1,14219.542,PLACES 2025 release (2023 survey)
54057,WV,Mineral,21526,32.3,30.4,6543.9039999999995,PLACES 2025 release (2023 survey)
54059,WV,Mingo,17103,36.0,34.0,5815.02,PLACES 2025 release (2023 survey)
54061,WV,Monongalia,90427,28.7,29.4,26585.537999999997,PLACES 2025 release (2023 survey)
54063,WV,Monroe,9940,32.9,30.3,3011.8199999999997,PLACES 2025 release (2023 survey)
54065,WV,Morgan,14668,31.5,29.1,4268.388000000001,PLACES 2025 release (2023 survey)
54067,WV,Nicholas,19286,33.1,30.8,5940.088,PLACES 2025 release (2023 survey)
54069,WV,Ohio,33156,31.2,29.5,9781.019999999999,PLACES 2025 release (2023 survey)
54071,WV,Pendleton,4907,31.9,28.7,1408.309,PLACES 2025 release (2023 survey)
54073,WV,Pleasants,6004,31.8,30.7,1843.228,PLACES 2025 release (2023 survey)
54075,WV,Pocahontas,6382,32.2,29.4,1876.308,PLACES 2025 release (2023 survey)
54077,WV,Preston,27943,31.7,30.5,8522.615,PLACES 2025 release (2023 survey)
54079,WV,Putnam,44875,31.6,30.1,13507.375,PLACES 2025 release (2023 survey)
54081,WV,Raleigh,57230,32.2,30.6,17512.38,PLACES 2025 release (2023 survey)
54083,WV,Randolph,22356,32.3,30.7,6863.2919999999995,PLACES 2025 release (2023 survey)
54085,WV,Ritchie,6554,32.8,30.5,1998.97,PLACES 2025 release (2023 survey)
54087,WV,Roane,11044,33.9,31.5,3478.86,PLACES 2025 release (2023 survey)
54089,WV,Summers,9749,33.2,30.5,2973.4449999999997,PLACES 2025 release (2023 survey)
54091,WV,Taylor,13194,31.9,30.2,3984.5879999999997,PLACES 2025 release (2023 survey)
54093,WV,Tucker,5662,32.2,29.3,1658.966,PLACES 2025 release (2023 survey)
54095,WV,Tyler,6382,32.4,29.8,1901.836,PLACES 2025 release (2023 survey)
54097,WV,Upshur,18726,32.1,30.3,5673.978,PLACES 2025 release (2023 survey)
54099,WV,Wayne,30122,33.3,31.3,9428.186,PLACES 2025 release (2023 survey)
54101,WV,Webster,6456,34.1,31.4,2027.184,PLACES 2025 release (2023 survey)
54103,WV,Wetzel,10969,32.8,30.7,3367.4829999999997,PLACES 2025 release (2023 survey)
54105,WV,Wirt,3936,32.9,30.3,1192.608,PLACES 2025 release (2023 survey)
54107,WV,Wood,65756,33.9,32.0,21041.920000000002,PLACES 2025 release (2023 survey)
54109,WV,Wyoming,16181,33.7,31.6,5113.196,PLACES 2025 release (2023 survey)
55001,WI,Adams,18664,25.0,22.6,4218.064,PLACES 2025 release (2023 survey)
55003,WI,Ashland,12754,26.8,25.2,3214.008,PLACES 2025 release (2023 survey)
55005,WI,Barron,37064,25.6,23.7,8784.168,PLACES 2025 release (2023 survey)
55007,WI,Bayfield,14035,25.9,23.0,3228.05,PLACES 2025 release (2023 survey)
55009,WI,Brown,209911,23.7,23.2,48699.352,PLACES 2025 release (2023 survey)
55011,WI,Buffalo,10742,25.4,23.4,2513.6279999999997,PLACES 2025 release (2023 survey)
55013,WI,Burnett,14468,25.2,22.1,3197.428,PLACES 2025 release (2023 survey)
55015,WI,Calumet,41590,24.3,23.4,9732.06,PLACES 2025 release (2023 survey)
55017,WI,Chippewa,52829,25.3,24.1,12731.789,PLACES 2025 release (2023 survey)
55019,WI,Clark,24557,23.7,22.6,5549.8820000000005,PLACES 2025 release (2023 survey)
55021,WI,Columbia,46376,24.5,23.3,10805.608,PLACES 2025 release (2023 survey)
55023,WI,Crawford,12868,25.2,23.2,2985.3759999999997,PLACES 2025 release (2023 survey)
55025,WI,Dane,463964,24.2,24.3,112743.252,PLACES 2025 release (2023 survey)
55027,WI,Dodge,71376,23.8,22.8,16273.728000000001,PLACES 2025 release (2023 survey)
55029,WI,Door,25848,23.4,20.7,5350.536,PLACES 2025 release (2023 survey)
55031,WI,Douglas,35947,25.1,23.9,8591.333,PLACES 2025 release (2023 survey)
55033,WI,Dunn,37053,25.3,25.0,9263.25,PLACES 2025 release (2023 survey)
55035,WI,Eau Claire,86787,26.2,26.0,22564.62,PLACES 2025 release (2023 survey)
55037,WI,Florence,4032,25.3,22.4,903.1679999999999,PLACES 2025 release (2023 survey)
55039,WI,Fond du Lac,82246,25.6,24.4,20068.024,PLACES 2025 release (2023 survey)
55041,WI,Forest,7503,27.6,25.4,1905.762,PLACES 2025 release (2023 survey)
55043,WI,Grant,40536,25.2,24.4,9890.784,PLACES 2025 release (2023 survey)
55045,WI,Green,29103,24.5,23.0,6693.6900000000005,PLACES 2025 release (2023 survey)
55047,WI,Green Lake,15139,25.4,23.6,3572.804,PLACES 2025 release (2023 survey)
55049,WI,Iowa,18836,25.0,23.5,4426.46,PLACES 2025 release (2023 survey)
55051,WI,Iron,5234,24.5,21.3,1114.8419999999999,PLACES 2025 release (2023 survey)
55053,WI,Jackson,16438,24.8,23.5,3862.93,PLACES 2025 release (2023 survey)
55055,WI,Jefferson,69165,23.7,22.8,15769.62,PLACES 2025 release (2023 survey)
55057,WI,Juneau,21598,25.7,24.2,5226.715999999999,PLACES 2025 release (2023 survey)
55059,WI,Kenosha,131659,24.7,24.1,31729.819000000003,PLACES 2025 release (2023 survey)
55061,WI,Kewaunee,16410,24.3,22.6,3708.6600000000003,PLACES 2025 release (2023 survey)
55063,WI,La Crosse,97393,25.4,25.1,24445.643,PLACES 2025 release (2023 survey)
55065,WI,Lafayette,12715,25.4,24.0,3051.6,PLACES 2025 release (2023 survey)
55067,WI,Langlade,15739,23.9,21.8,3431.102,PLACES 2025 release (2023 survey)
55069,WI,Lincoln,23357,25.9,23.9,5582.322999999999,PLACES 2025 release (2023 survey)
55071,WI,Manitowoc,65081,23.1,21.6,14057.496000000001,PLACES 2025 release (2023 survey)
55073,WI,Marathon,107632,25.1,24.0,25831.68,PLACES 2025 release (2023 survey)
55075,WI,Marinette,34244,25.4,23.2,7944.607999999999,PLACES 2025 release (2023 survey)
55077,WI,Marquette,12855,25.7,23.3,2995.215,PLACES 2025 release (2023 survey)
55078,WI,Menominee,2882,24.1,23.3,671.5060000000001,PLACES 2025 release (2023 survey)
55079,WI,Milwaukee,700935,23.7,23.6,165420.66,PLACES 2025 release (2023 survey)
55081,WI,Monroe,34486,26.4,25.2,8690.472,PLACES 2025 release (2023 survey)
55083,WI,Oconto,32028,25.1,23.2,7430.495999999999,PLACES 2025 release (2023 survey)
55085,WI,Oneida,31953,26.1,23.5,7508.955,PLACES 2025 release (2023 survey)
55087,WI,Outagamie,149418,24.3,23.7,35412.066,PLACES 2025 release (2023 survey)
55089,WI,Ozaukee,74094,23.3,21.8,16152.492,PLACES 2025 release (2023 survey)
55091,WI,Pepin,5802,24.7,22.6,1311.252,PLACES 2025 release (2023 survey)
55093,WI,Pierce,34410,23.9,23.5,8086.349999999999,PLACES 2025 release (2023 survey)
55095,WI,Polk,36790,24.4,22.6,8314.54,PLACES 2025 release (2023 survey)
55097,WI,Portage,57775,25.1,24.6,14212.650000000001,PLACES 2025 release (2023 survey)
55099,WI,Price,11739,24.6,22.0,2582.58,PLACES 2025 release (2023 survey)
55101,WI,Racine,152563,23.1,22.4,34174.111999999994,PLACES 2025 release (2023 survey)
55103,WI,Richland,13613,24.5,22.5,3062.925,PLACES 2025 release (2023 survey)
55105,WI,Rock,127890,24.1,23.3,29798.370000000003,PLACES 2025 release (2023 survey)
55107,WI,Rusk,11289,25.0,22.7,2562.6029999999996,PLACES 2025 release (2023 survey)
55109,WI,St. Croix,74028,23.3,22.6,16730.328,PLACES 2025 release (2023 survey)
55111,WI,Sauk,51378,25.5,24.2,12433.475999999999,PLACES 2025 release (2023 survey)
55113,WI,Sawyer,15215,25.2,22.7,3453.805,PLACES 2025 release (2023 survey)
55115,WI,Shawano,32448,23.7,22.0,7138.56,PLACES 2025 release (2023 survey)
55117,WI,Sheboygan,92697,22.9,22.0,20393.34,PLACES 2025 release (2023 survey)
55119,WI,Taylor,15464,23.3,21.6,3340.2240000000006,PLACES 2025 release (2023 survey)
55121,WI,Trempealeau,22713,24.5,23.2,5269.415999999999,PLACES 2025 release (2023 survey)
55123,WI,Vernon,23135,24.7,22.9,5297.915,PLACES 2025 release (2023 survey)
55125,WI,Vilas,20060,25.4,22.4,4493.44,PLACES 2025 release (2023 survey)
55127,WI,Walworth,85648,22.8,21.9,18756.911999999997,PLACES 2025 release (2023 survey)
55129,WI,Washburn,13886,24.1,21.6,2999.376,PLACES 2025 release (2023 survey)
55131,WI,Washington,109514,23.6,22.3,24421.622,PLACES 2025 release (2023 survey)
55133,WI,Waukesha,327018,21.4,20.2,66057.636,PLACES 2025 release (2023 survey)
55135,WI,Waupaca,41137,24.5,22.9,9420.373,PLACES 2025 release (2023 survey)
55137,WI,Waushara,20556,24.1,22.1,4542.876,PLACES 2025 release (2023 survey)
55139,WI,Winnebago,137307,23.9,23.4,32129.838,PLACES 2025 release (2023 survey)
55141,WI,Wood,58207,24.2,22.7,13212.989,PLACES 2025 release (2023 survey)
56001,WY,Albany,32496,22.7,23.7,7701.552,PLACES 2025 release (2023 survey)
56003,WY,Big Horn,9180,23.0,21.6,1982.8800000000003,PLACES 2025 release (2023 survey)
56005,WY,Campbell,35021,23.0,22.8,7984.7880000000005,PLACES 2025 release (2023 survey)
56007,WY,Carbon,11192,20.6,19.8,2216.016,PLACES 2025 release (2023 survey)
56009,WY,Converse,10503,22.0,21.0,2205.63,PLACES 2025 release (2023 survey)
56011,WY,Crook,5694,21.8,20.1,1144.4940000000001,PLACES 2025 release (2023 survey)
56013,WY,Fremont,30150,21.7,20.6,6210.900000000001,PLACES 2025 release (2023 survey)
56015,WY,Goshen,10171,22.4,20.9,2125.739,PLACES 2025 release (2023 survey)
56017,WY,Hot Springs,3703,23.2,20.7,766.521,PLACES 2025 release (2023 survey)
56019,WY,Johnson,7022,21.8,19.6,1376.3120000000001,PLACES 2025 release (2023 survey)
56021,WY,Laramie,78706,21.7,21.1,16606.966,PLACES 2025 release (2023 survey)
56023,WY,Lincoln,15709,21.2,19.9,3126.091,PLACES 2025 release (2023 survey)
56025,WY,Natrona,61379,23.9,23.2,14239.928,PLACES 2025 release (2023 survey)
56027,WY,Niobrara,1927,24.4,22.3,429.721,PLACES 2025 release (2023 survey)
56029,WY,Park,24494,22.7,20.9,5119.246,PLACES 2025 release (2023 survey)
56031,WY,Platte,6829,22.0,19.8,1352.142,PLACES 2025 release (2023 survey)
56033,WY,Sheridan,25809,24.6,23.1,5961.879,PLACES 2025 release (2023 survey)
56035,WY,Sublette,7060,21.9,20.2,1426.12,PLACES 2025 release (2023 survey)
56037,WY,Sweetwater,31162,24.0,23.6,7354.232000000001,PLACES 2025 release (2023 survey)
56039,WY,Teton,19340,18.4,18.0,3481.2,PLACES 2025 release (2023 survey)
56041,WY,Uinta,15278,21.5,20.8,3177.824,PLACES 2025 release (2023 survey)
56043,WY,Washakie,6140,22.0,20.3,1246.42,PLACES 2025 release (2023 survey)
56045,WY,Weston,5543,20.7,19.5,1080.885,PLACES 2025 release (2023 survey)
21001,KY,Adair,15387,27.3,26.4,4062.168,PLACES 2024 release (2022 survey)
21003,KY,Allen,16454,29.0,28.0,4607.120000000001,PLACES 2024 release (2022 survey)
21005,KY,Anderson,18672,28.4,27.3,5097.456,PLACES 2024 release (2022 survey)
21007,KY,Ballard,6138,29.4,27.7,1700.2259999999999,PLACES 2024 release (2022 survey)
21009,KY,Barren,34367,28.6,27.4,9416.557999999999,PLACES 2024 release (2022 survey)
21011,KY,Bath,9587,28.1,26.8,2569.3160000000003,PLACES 2024 release (2022 survey)
21013,KY,Bell,18474,29.7,28.6,5283.564,PLACES 2024 release (2022 survey)
21015,KY,Boone,104132,26.2,25.5,26553.66,PLACES 2024 release (2022 survey)
21017,KY,Bourbon,15582,27.5,26.3,4098.066,PLACES 2024 release (2022 survey)
21019,KY,Boyd,37863,29.0,27.5,10412.325,PLACES 2024 release (2022 survey)
21021,KY,Boyle,24603,27.1,26.2,6445.986,PLACES 2024 release (2022 survey)
21023,KY,Bracken,6473,29.1,28.0,1812.4400000000003,PLACES 2024 release (2022 survey)
21025,KY,Breathitt,10571,30.9,29.7,3139.587,PLACES 2024 release (2022 survey)
21027,KY,Breckinridge,16225,29.3,27.6,4478.1,PLACES 2024 release (2022 survey)
21029,KY,Bullitt,66249,26.7,25.9,17158.491,PLACES 2024 release (2022 survey)
21031,KY,Butler,9524,29.7,28.4,2704.816,PLACES 2024 release (2022 survey)
21033,KY,Caldwell,9708,27.9,26.2,2543.496,PLACES 2024 release (2022 survey)
21035,KY,Calloway,30807,28.6,28.6,8810.802000000001,PLACES 2024 release (2022 survey)
21037,KY,Campbell,74368,25.9,25.4,18889.472,PLACES 2024 release (2022 survey)
21039,KY,Carlisle,3619,29.1,27.1,980.749,PLACES 2024 release (2022 survey)
21041,KY,Carroll,8050,28.7,28.0,2254.0,PLACES 2024 release (2022 survey)
21043,KY,Carter,20528,29.6,28.3,5809.424000000001,PLACES 2024 release (2022 survey)
21045,KY,Casey,12304,30.9,29.7,3654.288,PLACES 2024 release (2022 survey)
21047,KY,Christian,52823,26.5,26.8,14156.564,PLACES 2024 release (2022 survey)
21049,KY,Clark,28913,27.8,26.8,7748.684,PLACES 2024 release (2022 survey)
21051,KY,Clay,15843,29.7,29.1,4610.313000000001,PLACES 2024 release (2022 survey)
21053,KY,Clinton,7142,30.4,28.8,2056.896,PLACES 2024 release (2022 survey)
21055,KY,Crittenden,6975,29.3,27.4,1911.1499999999999,PLACES 2024 release (2022 survey)
21057,KY,Cumberland,4671,29.5,27.6,1289.1960000000001,PLACES 2024 release (2022 survey)
21059,KY,Daviess,78377,29.2,28.1,22023.937,PLACES 2024 release (2022 survey)
21061,KY,Edmonson,10102,29.7,28.0,2828.5600000000004,PLACES 2024 release (2022 survey)
21063,KY,Elliott,6068,28.3,27.4,1662.6319999999998,PLACES 2024 release (2022 survey)
21065,KY,Estill,11055,29.9,28.6,3161.7300000000005,PLACES 2024 release (2022 survey)
21067,KY,Fayette,255049,25.5,25.5,65037.495,PLACES 2024 release (2022 survey)
21069,KY,Fleming,11654,29.6,28.1,3274.7740000000003,PLACES 2024 release (2022 survey)
21071,KY,Floyd,27143,31.7,30.2,8197.186,PLACES 2024 release (2022 survey)
21073,KY,Franklin,40857,26.6,25.7,10500.249,PLACES 2024 release (2022 survey)
21075,KY,Fulton,5061,28.2,27.2,1376.592,PLACES 2024 release (2022 survey)
21077,KY,Gallatin,6714,28.4,27.9,1873.206,PLACES 2024 release (2022 survey)
21079,KY,Garrard,13777,29.6,28.2,3885.1139999999996,PLACES 2024 release (2022 survey)
21081,KY,Grant,18774,28.0,27.4,5144.075999999999,PLACES 2024 release (2022 survey)
21083,KY,Graves,27683,28.2,27.1,7502.093000000001,PLACES 2024 release (2022 survey)
21085,KY,Grayson,20459,27.8,27.0,5523.93,PLACES 2024 release (2022 survey)
21087,KY,Green,8991,30.7,28.8,2589.4080000000004,PLACES 2024 release (2022 survey)
21089,KY,Greenup,27956,29.1,27.2,7604.032,PLACES 2024 release (2022 survey)
21091,KY,Hancock,6872,28.0,26.5,1821.0800000000002,PLACES 2024 release (2022 survey)
21093,KY,Hardin,84395,26.6,26.2,22111.49,PLACES 2024 release (2022 survey)
21095,KY,Harlan,19587,32.1,30.4,5954.447999999999,PLACES 2024 release (2022 survey)
21097,KY,Harrison,14780,27.9,26.7,3946.26,PLACES 2024 release (2022 survey)
21099,KY,Hart,14835,29.8,28.8,4272.4800000000005,PLACES 2024 release (2022 survey)
21101,KY,Henderson,34196,27.5,26.2,8959.352,PLACES 2024 release (2022 survey)
21103,KY,Henry,12142,27.8,26.9,3266.1979999999994,PLACES 2024 release (2022 survey)
21105,KY,Hickman,3570,28.2,25.7,917.49,PLACES 2024 release (2022 survey)
21107,KY,Hopkins,34572,28.6,27.8,9611.016000000001,PLACES 2024 release (2022 survey)
21109,KY,Jackson,9956,30.8,30.1,2996.756,PLACES 2024 release (2022 survey)
21111,KY,Jefferson,604730,25.6,25.0,151182.5,PLACES 2024 release (2022 survey)
21113,KY,Jessamine,41589,26.9,26.3,10937.907000000001,PLACES 2024 release (2022 survey)
21115,KY,Johnson,17332,31.0,29.7,5147.603999999999,PLACES 2024 release (2022 survey)
21117,KY,Kenton,131246,26.8,26.3,34517.698000000004,PLACES 2024 release (2022 survey)
21119,KY,Knott,11097,31.5,30.2,3351.294,PLACES 2024 release (2022 survey)
21121,KY,Knox,22830,30.6,29.7,6780.509999999999,PLACES 2024 release (2022 survey)
21123,KY,Larue,11759,30.6,29.3,3445.3869999999997,PLACES 2024 release (2022 survey)
21125,KY,Laurel,48695,28.9,28.2,13731.989999999998,PLACES 2024 release (2022 survey)
21127,KY,Lawrence,12247,29.5,28.3,3465.9010000000003,PLACES 2024 release (2022 survey)
21129,KY,Lee,5967,29.9,29.5,1760.2649999999999,PLACES 2024 release (2022 survey)
21131,KY,Leslie,7935,30.5,29.4,2332.89,PLACES 2024 release (2022 survey)
21133,KY,Letcher,16374,31.7,29.9,4895.826,PLACES 2024 release (2022 survey)
21135,KY,Lewis,10047,30.2,28.7,2883.4889999999996,PLACES 2024 release (2022 survey)
21137,KY,Lincoln,18450,29.0,28.0,5166.000000000001,PLACES 2024 release (2022 survey)
21139,KY,Livingston,7141,28.7,26.8,1913.788,PLACES 2024 release (2022 survey)
21141,KY,Logan,21161,27.0,25.8,5459.5380000000005,PLACES 2024 release (2022 survey)
21143,KY,Lyon,7859,24.7,24.1,1894.0190000000002,PLACES 2024 release (2022 survey)
21145,KY,McCracken,52965,28.0,26.9,14247.584999999997,PLACES 2024 release (2022 survey)
21147,KY,McCreary,13098,29.7,29.0,3798.4199999999996,PLACES 2024 release (2022 survey)
21149,KY,McLean,6992,28.1,26.8,1873.8560000000002,PLACES 2024 release (2022 survey)
21151,KY,Madison,75308,26.9,27.0,20333.16,PLACES 2024 release (2022 survey)
21153,KY,Magoffin,8811,30.6,29.3,2581.623,PLACES 2024 release (2022 survey)
21155,KY,Marion,15109,28.8,27.6,4170.084000000001,PLACES 2024 release (2022 survey)
21157,KY,Marshall,25456,29.0,27.1,6898.576,PLACES 2024 release (2022 survey)
21159,KY,Martin,8986,29.8,29.2,2623.912,PLACES 2024 release (2022 survey)
21161,KY,Mason,13009,28.0,26.6,3460.3940000000002,PLACES 2024 release (2022 survey)
21163,KY,Meade,23472,27.8,27.1,6360.912,PLACES 2024 release (2022 survey)
21165,KY,Menifee,5144,29.8,28.2,1450.608,PLACES 2024 release (2022 survey)
21167,KY,Mercer,17904,27.1,26.2,4690.848,PLACES 2024 release (2022 survey)
21169,KY,Metcalfe,7957,29.4,27.6,2196.132,PLACES 2024 release (2022 survey)
21171,KY,Monroe,8712,28.6,27.0,2352.2400000000002,PLACES 2024 release (2022 survey)
21173,KY,Montgomery,21874,29.7,29.0,6343.459999999999,PLACES 2024 release (2022 survey)
21175,KY,Morgan,11645,28.2,27.8,3237.3100000000004,PLACES 2024 release (2022 survey)
21177,KY,Muhlenberg,24197,29.5,28.1,6799.357000000001,PLACES 2024 release (2022 survey)
21179,KY,Nelson,36595,26.4,25.7,9404.915,PLACES 2024 release (2022 survey)
21181,KY,Nicholas,5905,29.1,28.2,1665.2099999999998,PLACES 2024 release (2022 survey)
21183,KY,Ohio,17987,29.0,27.6,4964.412,PLACES 2024 release (2022 survey)
21185,KY,Oldham,52476,24.5,23.7,12436.812,PLACES 2024 release (2022 survey)
21187,KY,Owen,8902,28.3,26.8,2385.7360000000003,PLACES 2024 release (2022 survey)
21189,KY,Owsley,3036,30.0,28.5,865.2599999999999,PLACES 2024 release (2022 survey)
21191,KY,Pendleton,11324,28.5,27.4,3102.776,PLACES 2024 release (2022 survey)
21193,KY,Perry,21037,30.3,29.2,6142.803999999999,PLACES 2024 release (2022 survey)
21195,KY,Pike,44855,30.9,29.2,13097.66,PLACES 2024 release (2022 survey)
21197,KY,Powell,9967,29.5,28.6,2850.5620000000004,PLACES 2024 release (2022 survey)
21199,KY,Pulaski,51486,30.4,29.1,14982.426000000001,PLACES 2024 release (2022 survey)
21201,KY,Robertson,1758,30.0,27.7,486.96599999999995,PLACES 2024 release (2022 survey)
21203,KY,Rockcastle,12823,30.4,28.9,3705.8469999999998,PLACES 2024 release (2022 survey)
21205,KY,Rowan,19568,30.0,30.2,5909.536,PLACES 2024 release (2022 survey)
21207,KY,Russell,14074,30.7,29.3,4123.682,PLACES 2024 release (2022 survey)
21209,KY,Scott,44851,26.4,26.3,11795.813,PLACES 2024 release (2022 survey)
21211,KY,Shelby,38362,25.7,24.8,9513.776,PLACES 2024 release (2022 survey)
21213,KY,Simpson,15377,27.5,26.6,4090.282,PLACES 2024 release (2022 survey)
21215,KY,Spencer,15657,27.6,26.6,4164.762000000001,PLACES 2024 release (2022 survey)
21217,KY,Taylor,20420,27.6,26.8,5472.56,PLACES 2024 release (2022 survey)
21219,KY,Todd,9047,28.6,27.6,2496.972,PLACES 2024 release (2022 survey)
21221,KY,Trigg,11236,27.8,26.2,2943.8320000000003,PLACES 2024 release (2022 survey)
21223,KY,Trimble,6660,27.7,26.4,1758.24,PLACES 2024 release (2022 survey)
21225,KY,Union,10597,28.7,27.4,2903.5779999999995,PLACES 2024 release (2022 survey)
21227,KY,Warren,107505,25.4,26.0,27951.3,PLACES 2024 release (2022 survey)
21229,KY,Washington,9333,27.1,25.7,2398.581,PLACES 2024 release (2022 survey)
21231,KY,Wayne,15707,29.9,28.3,4445.081,PLACES 2024 release (2022 survey)
21233,KY,Webster,9744,28.6,27.6,2689.344,PLACES 2024 release (2022 survey)
21235,KY,Whitley,27375,29.6,29.1,7966.125000000001,PLACES 2024 release (2022 survey)
21237,KY,Wolfe,4968,32.6,31.0,1540.08,PLACES 2024 release (2022 survey)
21239,KY,Woodford,21328,25.7,24.5,5225.36,PLACES 2024 release (2022 survey)
42001,PA,Adams,85792,25.4,23.8,20418.496000000003,PLACES 2024 release (2022 survey)
42003,PA,Allegheny,1006931,24.1,23.3,234614.923,PLACES 2024 release (2022 survey)
42005,PA,Armstrong,52537,26.5,24.4,12819.028,PLACES 2024 release (2022 survey)
42007,PA,Beaver,133925,25.1,23.8,31874.15,PLACES 2024 release (2022 survey)
42009,PA,Bedford,38295,26.1,24.1,9229.095000000001,PLACES 2024 release (2022 survey)
42011,PA,Berks,336756,23.1,22.4,75433.344,PLACES 2024 release (2022 survey)
42013,PA,Blair,96919,27.1,25.7,24908.183,PLACES 2024 release (2022 survey)
42015,PA,Bradford,46750,25.6,23.8,11126.5,PLACES 2024 release (2022 survey)
42017,PA,Bucks,518232,23.6,22.5,116602.2,PLACES 2024 release (2022 survey)
42019,PA,Butler,160035,23.4,22.2,35527.770000000004,PLACES 2024 release (2022 survey)
42021,PA,Cambria,106415,25.9,24.1,25646.015000000003,PLACES 2024 release (2022 survey)
42023,PA,Cameron,3654,26.6,24.0,876.9599999999999,PLACES 2024 release (2022 survey)
42025,PA,Carbon,53135,24.6,23.2,12327.32,PLACES 2024 release (2022 survey)
42027,PA,Centre,135709,24.6,24.7,33520.123,PLACES 2024 release (2022 survey)
42029,PA,Chester,427058,21.5,20.7,88401.006,PLACES 2024 release (2022 survey)
42031,PA,Clarion,30392,25.6,24.9,7567.608,PLACES 2024 release (2022 survey)
42033,PA,Clearfield,63674,24.9,23.7,15090.738,PLACES 2024 release (2022 survey)
42035,PA,Clinton,30401,26.4,25.6,7782.656,PLACES 2024 release (2022 survey)
42037,PA,Columbia,53628,25.6,25.1,13460.628,PLACES 2024 release (2022 survey)
42039,PA,Crawford,65836,26.4,24.8,16327.328,PLACES 2024 release (2022 survey)
42041,PA,Cumberland,214378,23.6,22.9,49092.562,PLACES 2024 release (2022 survey)
42043,PA,Dauphin,225073,24.2,23.5,52892.155,PLACES 2024 release (2022 survey)
42045,PA,Delaware,450325,22.0,21.3,95919.22499999999,PLACES 2024 release (2022 survey)
42047,PA,Elk,24685,24.9,23.2,5726.919999999999,PLACES 2024 release (2022 survey)
42049,PA,Erie,212575,24.2,23.4,49742.549999999996,PLACES 2024 release (2022 survey)
42051,PA,Fayette,101724,26.6,25.0,25431.0,PLACES 2024 release (2022 survey)
42053,PA,Forest,6391,20.8,20.6,1316.546,PLACES 2024 release (2022 survey)
42055,PA,Franklin,123143,24.8,23.4,28815.462,PLACES 2024 release (2022 survey)
42057,PA,Fulton,11723,25.1,23.3,2731.4590000000003,PLACES 2024 release (2022 survey)
42059,PA,Greene,28028,25.4,24.5,6866.86,PLACES 2024 release (2022 survey)
42061,PA,Huntingdon,35608,24.2,22.9,8154.231999999999,PLACES 2024 release (2022 survey)
42063,PA,Indiana,68262,25.2,24.4,16655.928,PLACES 2024 release (2022 survey)
42065,PA,Jefferson,34562,26.3,24.6,8502.252,PLACES 2024 release (2022 survey)
42067,PA,Juniata,18241,26.2,24.7,4505.527,PLACES 2024 release (2022 survey)
42069,PA,Lackawanna,171812,24.2,23.1,39688.572,PLACES 2024 release (2022 survey)
42071,PA,Lancaster,429358,24.9,23.8,102187.20400000001,PLACES 2024 release (2022 survey)
42073,PA,Lawrence,68087,26.0,24.3,16545.141,PLACES 2024 release (2022 survey)
42075,PA,Lebanon,111779,25.6,24.3,27162.297,PLACES 2024 release (2022 survey)
42077,PA,Lehigh,292434,23.1,22.5,65797.65000000001,PLACES 2024 release (2022 survey)
42079,PA,Luzerne,260524,24.7,23.7,61744.187999999995,PLACES 2024 release (2022 survey)
42081,PA,Lycoming,89932,24.8,23.7,21313.884,PLACES 2024 release (2022 survey)
42083,PA,McKean,32229,24.9,23.9,7702.731,PLACES 2024 release (2022 survey)
42085,PA,Mercer,88800,25.8,24.1,21400.800000000003,PLACES 2024 release (2022 survey)
42087,PA,Mifflin,35646,26.5,24.8,8840.208,PLACES 2024 release (2022 survey)
42089,PA,Monroe,135315,22.5,21.5,29092.725,PLACES 2024 release (2022 survey)
42091,PA,Montgomery,683434,21.2,20.7,141470.838,PLACES 2024 release (2022 survey)
42093,PA,Montour,14496,25.4,23.8,3450.0480000000002,PLACES 2024 release (2022 survey)
42095,PA,Northampton,258105,22.5,21.7,56008.784999999996,PLACES 2024 release (2022 survey)
42097,PA,Northumberland,72563,26.5,25.2,18285.876,PLACES 2024 release (2022 survey)
42099,PA,Perry,36580,25.6,24.1,8815.78,PLACES 2024 release (2022 survey)
42101,PA,Philadelphia,1236852,23.3,23.4,289423.36799999996,PLACES 2024 release (2022 survey)
42103,PA,Pike,50297,23.2,21.6,10864.152000000002,PLACES 2024 release (2022 survey)
42105,PA,Potter,12970,26.2,23.8,3086.86,PLACES 2024 release (2022 survey)
42107,PA,Schuylkill,114785,26.4,25.2,28925.82,PLACES 2024 release (2022 survey)
42109,PA,Snyder,31599,25.0,23.8,7520.562000000001,PLACES 2024 release (2022 survey)
42111,PA,Somerset,59580,25.1,23.2,13822.56,PLACES 2024 release (2022 survey)
42113,PA,Sullivan,5291,26.9,24.1,1275.131,PLACES 2024 release (2022 survey)
42115,PA,Susquehanna,31026,24.5,22.3,6918.798,PLACES 2024 release (2022 survey)
42117,PA,Tioga,33211,26.1,24.6,8169.906000000001,PLACES 2024 release (2022 survey)
42119,PA,Union,35288,24.9,24.5,8645.56,PLACES 2024 release (2022 survey)
42121,PA,Venango,40467,25.8,24.0,9712.08,PLACES 2024 release (2022 survey)
42123,PA,Warren,30451,25.7,23.6,7186.436000000001,PLACES 2024 release (2022 survey)
42125,PA,Washington,169635,25.3,23.7,40203.494999999995,PLACES 2024 release (2022 survey)
42127,PA,Wayne,42711,25.0,23.3,9951.663,PLACES 2024 release (2022 survey)
42129,PA,Westmoreland,288902,24.5,22.7,65580.754,PLACES 2024 release (2022 survey)
42131,PA,Wyoming,21071,25.9,24.5,5162.3949999999995,PLACES 2024 release (2022 survey)
42133,PA,York,361521,25.0,23.8,86041.998,PLACES 2024 release (2022 survey)
